"MOD_ID","Region","Year","Group","Method","Data","Date_pred"
0,"Region_1",2020,"Group_1","ML","OPT_SAR",143
0,"Region_1",2020,"Group_1","ML","OPT_SAR",200
0,"Region_1",2020,"Group_1","ML","OPT_SAR",248
1,"Region_1",2020,"Group_1","ML","OPT_SAR",149
2,"Region_1",2020,"Group_1","ML","OPT_SAR",149
2,"Region_1",2020,"Group_1","ML","OPT_SAR",194
2,"Region_1",2020,"Group_1","ML","OPT_SAR",251
4,"Region_1",2020,"Group_1","ML","OPT_SAR",143
5,"Region_1",2020,"Group_1","ML","OPT_SAR",166
5,"Region_1",2020,"Group_1","ML","OPT_SAR",229
6,"Region_1",2020,"Group_1","ML","OPT_SAR",175
6,"Region_1",2020,"Group_1","ML","OPT_SAR",241
7,"Region_1",2020,"Group_1","ML","OPT_SAR",142
7,"Region_1",2020,"Group_1","ML","OPT_SAR",184
7,"Region_1",2020,"Group_1","ML","OPT_SAR",223
9,"Region_1",2020,"Group_1","ML","OPT_SAR",160
9,"Region_1",2020,"Group_1","ML","OPT_SAR",214
10,"Region_1",2020,"Group_1","ML","OPT_SAR",178
10,"Region_1",2020,"Group_1","ML","OPT_SAR",226
11,"Region_1",2020,"Group_1","ML","OPT_SAR",184
11,"Region_1",2020,"Group_1","ML","OPT_SAR",232
13,"Region_1",2020,"Group_1","ML","OPT_SAR",218
14,"Region_1",2020,"Group_1","ML","OPT_SAR",188
14,"Region_1",2020,"Group_1","ML","OPT_SAR",251
15,"Region_1",2020,"Group_1","ML","OPT_SAR",173
15,"Region_1",2020,"Group_1","ML","OPT_SAR",212
16,"Region_1",2020,"Group_1","ML","OPT_SAR",167
16,"Region_1",2020,"Group_1","ML","OPT_SAR",212
17,"Region_1",2020,"Group_1","ML","OPT_SAR",182
17,"Region_1",2020,"Group_1","ML","OPT_SAR",269
18,"Region_1",2020,"Group_1","ML","OPT_SAR",209
18,"Region_1",2020,"Group_1","ML","OPT_SAR",257
19,"Region_1",2020,"Group_1","ML","OPT_SAR",167
19,"Region_1",2020,"Group_1","ML","OPT_SAR",227
20,"Region_1",2020,"Group_1","ML","OPT_SAR",206
20,"Region_1",2020,"Group_1","ML","OPT_SAR",248
21,"Region_1",2020,"Group_1","ML","OPT_SAR",167
21,"Region_1",2020,"Group_1","ML","OPT_SAR",227
22,"Region_1",2020,"Group_1","ML","OPT_SAR",245
27,"Region_1",2020,"Group_1","ML","OPT_SAR",146
27,"Region_1",2020,"Group_1","ML","OPT_SAR",227
28,"Region_1",2020,"Group_1","ML","OPT_SAR",167
28,"Region_1",2020,"Group_1","ML","OPT_SAR",221
29,"Region_1",2020,"Group_1","ML","OPT_SAR",107
29,"Region_1",2020,"Group_1","ML","OPT_SAR",137
29,"Region_1",2020,"Group_1","ML","OPT_SAR",173
29,"Region_1",2020,"Group_1","ML","OPT_SAR",206
29,"Region_1",2020,"Group_1","ML","OPT_SAR",239
30,"Region_1",2020,"Group_1","ML","OPT_SAR",148
30,"Region_1",2020,"Group_1","ML","OPT_SAR",190
31,"Region_1",2020,"Group_1","ML","OPT_SAR",148
31,"Region_1",2020,"Group_1","ML","OPT_SAR",196
31,"Region_1",2020,"Group_1","ML","OPT_SAR",241
33,"Region_1",2020,"Group_1","ML","OPT_SAR",185
33,"Region_1",2020,"Group_1","ML","OPT_SAR",269
34,"Region_1",2020,"Group_1","ML","OPT_SAR",199
37,"Region_1",2020,"Group_1","ML","OPT_SAR",134
37,"Region_1",2020,"Group_1","ML","OPT_SAR",227
39,"Region_1",2021,"Group_1","ML","OPT_SAR",161
39,"Region_1",2021,"Group_1","ML","OPT_SAR",227
40,"Region_1",2021,"Group_1","ML","OPT_SAR",161
40,"Region_1",2021,"Group_1","ML","OPT_SAR",209
42,"Region_1",2021,"Group_1","ML","OPT_SAR",164
42,"Region_1",2021,"Group_1","ML","OPT_SAR",209
42,"Region_1",2021,"Group_1","ML","OPT_SAR",263
43,"Region_1",2021,"Group_1","ML","OPT_SAR",161
43,"Region_1",2021,"Group_1","ML","OPT_SAR",215
44,"Region_1",2021,"Group_1","ML","OPT_SAR",163
47,"Region_1",2021,"Group_1","ML","OPT_SAR",166
47,"Region_1",2021,"Group_1","ML","OPT_SAR",205
47,"Region_1",2021,"Group_1","ML","OPT_SAR",247
48,"Region_1",2021,"Group_1","ML","OPT_SAR",172
48,"Region_1",2021,"Group_1","ML","OPT_SAR",199
48,"Region_1",2021,"Group_1","ML","OPT_SAR",244
49,"Region_1",2021,"Group_1","ML","OPT_SAR",166
49,"Region_1",2021,"Group_1","ML","OPT_SAR",226
49,"Region_1",2021,"Group_1","ML","OPT_SAR",253
51,"Region_1",2021,"Group_1","ML","OPT_SAR",200
53,"Region_1",2021,"Group_1","ML","OPT_SAR",182
53,"Region_1",2021,"Group_1","ML","OPT_SAR",227
55,"Region_1",2021,"Group_1","ML","OPT_SAR",215
55,"Region_1",2021,"Group_1","ML","OPT_SAR",260
56,"Region_1",2021,"Group_1","ML","OPT_SAR",188
56,"Region_1",2021,"Group_1","ML","OPT_SAR",245
58,"Region_1",2021,"Group_1","ML","OPT_SAR",191
58,"Region_1",2021,"Group_1","ML","OPT_SAR",233
59,"Region_1",2021,"Group_1","ML","OPT_SAR",189
59,"Region_1",2021,"Group_1","ML","OPT_SAR",240
61,"Region_1",2021,"Group_1","ML","OPT_SAR",242
62,"Region_1",2021,"Group_1","ML","OPT_SAR",167
62,"Region_1",2021,"Group_1","ML","OPT_SAR",203
64,"Region_1",2021,"Group_1","ML","OPT_SAR",161
64,"Region_1",2021,"Group_1","ML","OPT_SAR",203
66,"Region_1",2021,"Group_1","ML","OPT_SAR",128
66,"Region_1",2021,"Group_1","ML","OPT_SAR",164
66,"Region_1",2021,"Group_1","ML","OPT_SAR",197
66,"Region_1",2021,"Group_1","ML","OPT_SAR",266
71,"Region_1",2021,"Group_1","ML","OPT_SAR",209
77,"Region_1",2021,"Group_1","ML","OPT_SAR",169
77,"Region_1",2021,"Group_1","ML","OPT_SAR",199
77,"Region_1",2021,"Group_1","ML","OPT_SAR",250
79,"Region_1",2021,"Group_1","ML","OPT_SAR",148
79,"Region_1",2021,"Group_1","ML","OPT_SAR",199
79,"Region_1",2021,"Group_1","ML","OPT_SAR",235
80,"Region_1",2021,"Group_1","ML","OPT_SAR",208
80,"Region_1",2021,"Group_1","ML","OPT_SAR",265
309,"Region_2",2017,"Group_1","ML","OPT_SAR",171
309,"Region_2",2017,"Group_1","ML","OPT_SAR",240
310,"Region_2",2017,"Group_1","ML","OPT_SAR",171
310,"Region_2",2017,"Group_1","ML","OPT_SAR",252
311,"Region_2",2017,"Group_1","ML","OPT_SAR",171
312,"Region_2",2017,"Group_1","ML","OPT_SAR",168
312,"Region_2",2017,"Group_1","ML","OPT_SAR",267
313,"Region_2",2017,"Group_1","ML","OPT_SAR",165
314,"Region_2",2017,"Group_1","ML","OPT_SAR",108
314,"Region_2",2017,"Group_1","ML","OPT_SAR",165
314,"Region_2",2017,"Group_1","ML","OPT_SAR",222
314,"Region_2",2017,"Group_1","ML","OPT_SAR",255
315,"Region_2",2017,"Group_1","ML","OPT_SAR",141
315,"Region_2",2017,"Group_1","ML","OPT_SAR",189
315,"Region_2",2017,"Group_1","ML","OPT_SAR",255
316,"Region_2",2017,"Group_1","ML","OPT_SAR",165
316,"Region_2",2017,"Group_1","ML","OPT_SAR",246
317,"Region_2",2017,"Group_1","ML","OPT_SAR",168
317,"Region_2",2017,"Group_1","ML","OPT_SAR",225
318,"Region_2",2017,"Group_1","ML","OPT_SAR",165
318,"Region_2",2017,"Group_1","ML","OPT_SAR",231
319,"Region_2",2017,"Group_1","ML","OPT_SAR",141
319,"Region_2",2017,"Group_1","ML","OPT_SAR",261
320,"Region_2",2017,"Group_1","ML","OPT_SAR",147
320,"Region_2",2017,"Group_1","ML","OPT_SAR",219
321,"Region_2",2017,"Group_1","ML","OPT_SAR",180
321,"Region_2",2017,"Group_1","ML","OPT_SAR",267
322,"Region_2",2017,"Group_1","ML","OPT_SAR",171
322,"Region_2",2017,"Group_1","ML","OPT_SAR",231
323,"Region_2",2017,"Group_1","ML","OPT_SAR",147
323,"Region_2",2017,"Group_1","ML","OPT_SAR",231
324,"Region_2",2017,"Group_1","ML","OPT_SAR",174
325,"Region_2",2017,"Group_1","ML","OPT_SAR",159
326,"Region_2",2017,"Group_1","ML","OPT_SAR",159
326,"Region_2",2017,"Group_1","ML","OPT_SAR",231
327,"Region_2",2017,"Group_1","ML","OPT_SAR",168
327,"Region_2",2017,"Group_1","ML","OPT_SAR",231
328,"Region_2",2017,"Group_1","ML","OPT_SAR",171
328,"Region_2",2017,"Group_1","ML","OPT_SAR",270
329,"Region_2",2017,"Group_1","ML","OPT_SAR",114
329,"Region_2",2017,"Group_1","ML","OPT_SAR",168
329,"Region_2",2017,"Group_1","ML","OPT_SAR",237
330,"Region_2",2017,"Group_1","ML","OPT_SAR",168
330,"Region_2",2017,"Group_1","ML","OPT_SAR",264
331,"Region_2",2017,"Group_1","ML","OPT_SAR",168
331,"Region_2",2017,"Group_1","ML","OPT_SAR",240
332,"Region_2",2017,"Group_1","ML","OPT_SAR",108
332,"Region_2",2017,"Group_1","ML","OPT_SAR",162
332,"Region_2",2017,"Group_1","ML","OPT_SAR",222
333,"Region_2",2017,"Group_1","ML","OPT_SAR",165
333,"Region_2",2017,"Group_1","ML","OPT_SAR",231
335,"Region_2",2017,"Group_1","ML","OPT_SAR",165
335,"Region_2",2017,"Group_1","ML","OPT_SAR",225
336,"Region_2",2017,"Group_1","ML","OPT_SAR",108
336,"Region_2",2017,"Group_1","ML","OPT_SAR",165
336,"Region_2",2017,"Group_1","ML","OPT_SAR",234
337,"Region_2",2017,"Group_1","ML","OPT_SAR",168
337,"Region_2",2017,"Group_1","ML","OPT_SAR",234
338,"Region_2",2017,"Group_1","ML","OPT_SAR",159
338,"Region_2",2017,"Group_1","ML","OPT_SAR",237
339,"Region_2",2017,"Group_1","ML","OPT_SAR",171
339,"Region_2",2017,"Group_1","ML","OPT_SAR",216
340,"Region_2",2017,"Group_1","ML","OPT_SAR",159
341,"Region_2",2017,"Group_1","ML","OPT_SAR",150
342,"Region_2",2017,"Group_1","ML","OPT_SAR",183
343,"Region_2",2017,"Group_1","ML","OPT_SAR",183
344,"Region_2",2017,"Group_1","ML","OPT_SAR",186
345,"Region_2",2017,"Group_1","ML","OPT_SAR",171
345,"Region_2",2017,"Group_1","ML","OPT_SAR",213
346,"Region_2",2017,"Group_1","ML","OPT_SAR",162
347,"Region_2",2017,"Group_1","ML","OPT_SAR",162
348,"Region_2",2017,"Group_1","ML","OPT_SAR",147
349,"Region_2",2017,"Group_1","ML","OPT_SAR",150
349,"Region_2",2017,"Group_1","ML","OPT_SAR",252
350,"Region_2",2017,"Group_1","ML","OPT_SAR",186
352,"Region_2",2017,"Group_1","ML","OPT_SAR",198
352,"Region_2",2017,"Group_1","ML","OPT_SAR",246
354,"Region_2",2017,"Group_1","ML","OPT_SAR",162
354,"Region_2",2017,"Group_1","ML","OPT_SAR",258
356,"Region_2",2017,"Group_1","ML","OPT_SAR",183
357,"Region_2",2017,"Group_1","ML","OPT_SAR",147
358,"Region_2",2017,"Group_1","ML","OPT_SAR",165
359,"Region_2",2017,"Group_1","ML","OPT_SAR",186
360,"Region_2",2017,"Group_1","ML","OPT_SAR",159
360,"Region_2",2017,"Group_1","ML","OPT_SAR",258
361,"Region_2",2017,"Group_1","ML","OPT_SAR",138
361,"Region_2",2017,"Group_1","ML","OPT_SAR",186
361,"Region_2",2017,"Group_1","ML","OPT_SAR",261
362,"Region_2",2017,"Group_1","ML","OPT_SAR",189
363,"Region_2",2017,"Group_1","ML","OPT_SAR",108
363,"Region_2",2017,"Group_1","ML","OPT_SAR",162
364,"Region_2",2017,"Group_1","ML","OPT_SAR",135
365,"Region_2",2017,"Group_1","ML","OPT_SAR",162
367,"Region_2",2017,"Group_1","ML","OPT_SAR",138
367,"Region_2",2017,"Group_1","ML","OPT_SAR",183
367,"Region_2",2017,"Group_1","ML","OPT_SAR",249
368,"Region_2",2017,"Group_1","ML","OPT_SAR",195
368,"Region_2",2017,"Group_1","ML","OPT_SAR",255
369,"Region_2",2017,"Group_1","ML","OPT_SAR",195
369,"Region_2",2017,"Group_1","ML","OPT_SAR",258
370,"Region_2",2017,"Group_1","ML","OPT_SAR",165
370,"Region_2",2017,"Group_1","ML","OPT_SAR",237
371,"Region_2",2017,"Group_1","ML","OPT_SAR",165
371,"Region_2",2017,"Group_1","ML","OPT_SAR",204
371,"Region_2",2017,"Group_1","ML","OPT_SAR",231
372,"Region_2",2017,"Group_1","ML","OPT_SAR",162
373,"Region_2",2017,"Group_1","ML","OPT_SAR",150
373,"Region_2",2017,"Group_1","ML","OPT_SAR",186
374,"Region_2",2017,"Group_1","ML","OPT_SAR",179
374,"Region_2",2017,"Group_1","ML","OPT_SAR",272
375,"Region_2",2017,"Group_1","ML","OPT_SAR",182
375,"Region_2",2017,"Group_1","ML","OPT_SAR",224
376,"Region_2",2017,"Group_1","ML","OPT_SAR",152
376,"Region_2",2017,"Group_1","ML","OPT_SAR",188
376,"Region_2",2017,"Group_1","ML","OPT_SAR",239
377,"Region_2",2017,"Group_1","ML","OPT_SAR",92
377,"Region_2",2017,"Group_1","ML","OPT_SAR",161
377,"Region_2",2017,"Group_1","ML","OPT_SAR",236
378,"Region_2",2017,"Group_1","ML","OPT_SAR",212
379,"Region_2",2017,"Group_1","ML","OPT_SAR",197
380,"Region_2",2017,"Group_1","ML","OPT_SAR",152
380,"Region_2",2017,"Group_1","ML","OPT_SAR",245
381,"Region_2",2017,"Group_1","ML","OPT_SAR",158
381,"Region_2",2017,"Group_1","ML","OPT_SAR",209
382,"Region_2",2017,"Group_1","ML","OPT_SAR",158
382,"Region_2",2017,"Group_1","ML","OPT_SAR",221
383,"Region_2",2017,"Group_1","ML","OPT_SAR",92
383,"Region_2",2017,"Group_1","ML","OPT_SAR",176
384,"Region_2",2017,"Group_1","ML","OPT_SAR",161
385,"Region_2",2017,"Group_1","ML","OPT_SAR",170
385,"Region_2",2017,"Group_1","ML","OPT_SAR",272
386,"Region_2",2017,"Group_1","ML","OPT_SAR",161
387,"Region_2",2017,"Group_1","ML","OPT_SAR",197
387,"Region_2",2017,"Group_1","ML","OPT_SAR",263
388,"Region_2",2017,"Group_1","ML","OPT_SAR",173
389,"Region_2",2017,"Group_1","ML","OPT_SAR",161
389,"Region_2",2017,"Group_1","ML","OPT_SAR",254
390,"Region_2",2017,"Group_1","ML","OPT_SAR",164
390,"Region_2",2017,"Group_1","ML","OPT_SAR",251
391,"Region_2",2017,"Group_1","ML","OPT_SAR",164
391,"Region_2",2017,"Group_1","ML","OPT_SAR",251
393,"Region_2",2017,"Group_1","ML","OPT_SAR",161
393,"Region_2",2017,"Group_1","ML","OPT_SAR",230
394,"Region_2",2017,"Group_1","ML","OPT_SAR",179
394,"Region_2",2017,"Group_1","ML","OPT_SAR",242
395,"Region_2",2017,"Group_1","ML","OPT_SAR",161
396,"Region_2",2017,"Group_1","ML","OPT_SAR",242
397,"Region_2",2017,"Group_1","ML","OPT_SAR",176
397,"Region_2",2017,"Group_1","ML","OPT_SAR",239
397,"Region_2",2017,"Group_1","ML","OPT_SAR",272
399,"Region_2",2017,"Group_1","ML","OPT_SAR",188
400,"Region_2",2017,"Group_1","ML","OPT_SAR",182
400,"Region_2",2017,"Group_1","ML","OPT_SAR",224
401,"Region_2",2017,"Group_1","ML","OPT_SAR",152
401,"Region_2",2017,"Group_1","ML","OPT_SAR",185
401,"Region_2",2017,"Group_1","ML","OPT_SAR",233
402,"Region_2",2017,"Group_1","ML","OPT_SAR",92
402,"Region_2",2017,"Group_1","ML","OPT_SAR",194
402,"Region_2",2017,"Group_1","ML","OPT_SAR",233
403,"Region_2",2017,"Group_1","ML","OPT_SAR",206
405,"Region_2",2017,"Group_1","ML","OPT_SAR",146
405,"Region_2",2017,"Group_1","ML","OPT_SAR",191
405,"Region_2",2017,"Group_1","ML","OPT_SAR",230
406,"Region_2",2017,"Group_1","ML","OPT_SAR",161
406,"Region_2",2017,"Group_1","ML","OPT_SAR",215
407,"Region_2",2018,"Group_1","ML","OPT_SAR",172
407,"Region_2",2018,"Group_1","ML","OPT_SAR",205
408,"Region_2",2018,"Group_1","ML","OPT_SAR",178
409,"Region_2",2018,"Group_1","ML","OPT_SAR",169
409,"Region_2",2018,"Group_1","ML","OPT_SAR",229
409,"Region_2",2018,"Group_1","ML","OPT_SAR",271
410,"Region_2",2018,"Group_1","ML","OPT_SAR",172
411,"Region_2",2018,"Group_1","ML","OPT_SAR",133
411,"Region_2",2018,"Group_1","ML","OPT_SAR",172
412,"Region_2",2018,"Group_1","ML","OPT_SAR",127
412,"Region_2",2018,"Group_1","ML","OPT_SAR",172
412,"Region_2",2018,"Group_1","ML","OPT_SAR",220
413,"Region_2",2018,"Group_1","ML","OPT_SAR",142
413,"Region_2",2018,"Group_1","ML","OPT_SAR",190
413,"Region_2",2018,"Group_1","ML","OPT_SAR",271
414,"Region_2",2018,"Group_1","ML","OPT_SAR",166
414,"Region_2",2018,"Group_1","ML","OPT_SAR",220
416,"Region_2",2018,"Group_1","ML","OPT_SAR",166
416,"Region_2",2018,"Group_1","ML","OPT_SAR",223
417,"Region_2",2018,"Group_1","ML","OPT_SAR",187
418,"Region_2",2018,"Group_1","ML","OPT_SAR",148
418,"Region_2",2018,"Group_1","ML","OPT_SAR",208
419,"Region_2",2018,"Group_1","ML","OPT_SAR",178
419,"Region_2",2018,"Group_1","ML","OPT_SAR",211
420,"Region_2",2018,"Group_1","ML","OPT_SAR",169
420,"Region_2",2018,"Group_1","ML","OPT_SAR",208
420,"Region_2",2018,"Group_1","ML","OPT_SAR",247
421,"Region_2",2018,"Group_1","ML","OPT_SAR",178
421,"Region_2",2018,"Group_1","ML","OPT_SAR",214
421,"Region_2",2018,"Group_1","ML","OPT_SAR",268
422,"Region_2",2018,"Group_1","ML","OPT_SAR",181
423,"Region_2",2018,"Group_1","ML","OPT_SAR",178
423,"Region_2",2018,"Group_1","ML","OPT_SAR",223
424,"Region_2",2018,"Group_1","ML","OPT_SAR",160
424,"Region_2",2018,"Group_1","ML","OPT_SAR",199
425,"Region_2",2018,"Group_1","ML","OPT_SAR",208
426,"Region_2",2018,"Group_1","ML","OPT_SAR",199
427,"Region_2",2018,"Group_1","ML","OPT_SAR",163
427,"Region_2",2018,"Group_1","ML","OPT_SAR",214
428,"Region_2",2018,"Group_1","ML","OPT_SAR",160
428,"Region_2",2018,"Group_1","ML","OPT_SAR",211
429,"Region_2",2018,"Group_1","ML","OPT_SAR",172
430,"Region_2",2018,"Group_1","ML","OPT_SAR",172
431,"Region_2",2018,"Group_1","ML","OPT_SAR",163
431,"Region_2",2018,"Group_1","ML","OPT_SAR",214
432,"Region_2",2018,"Group_1","ML","OPT_SAR",136
432,"Region_2",2018,"Group_1","ML","OPT_SAR",172
432,"Region_2",2018,"Group_1","ML","OPT_SAR",217
433,"Region_2",2018,"Group_1","ML","OPT_SAR",193
434,"Region_2",2018,"Group_1","ML","OPT_SAR",163
434,"Region_2",2018,"Group_1","ML","OPT_SAR",226
436,"Region_2",2018,"Group_1","ML","OPT_SAR",190
437,"Region_2",2018,"Group_1","ML","OPT_SAR",166
437,"Region_2",2018,"Group_1","ML","OPT_SAR",220
438,"Region_2",2018,"Group_1","ML","OPT_SAR",136
438,"Region_2",2018,"Group_1","ML","OPT_SAR",172
438,"Region_2",2018,"Group_1","ML","OPT_SAR",220
439,"Region_2",2018,"Group_1","ML","OPT_SAR",214
440,"Region_2",2018,"Group_1","ML","OPT_SAR",172
442,"Region_2",2018,"Group_1","ML","OPT_SAR",136
442,"Region_2",2018,"Group_1","ML","OPT_SAR",175
443,"Region_2",2018,"Group_1","ML","OPT_SAR",151
444,"Region_2",2018,"Group_1","ML","OPT_SAR",160
445,"Region_2",2018,"Group_1","ML","OPT_SAR",133
445,"Region_2",2018,"Group_1","ML","OPT_SAR",193
446,"Region_2",2018,"Group_1","ML","OPT_SAR",169
447,"Region_2",2018,"Group_1","ML","OPT_SAR",166
449,"Region_2",2018,"Group_1","ML","OPT_SAR",133
449,"Region_2",2018,"Group_1","ML","OPT_SAR",187
450,"Region_2",2018,"Group_1","ML","OPT_SAR",169
451,"Region_2",2018,"Group_1","ML","OPT_SAR",166
452,"Region_2",2018,"Group_1","ML","OPT_SAR",169
453,"Region_2",2018,"Group_1","ML","OPT_SAR",175
453,"Region_2",2018,"Group_1","ML","OPT_SAR",217
454,"Region_2",2018,"Group_1","ML","OPT_SAR",133
454,"Region_2",2018,"Group_1","ML","OPT_SAR",211
455,"Region_2",2018,"Group_1","ML","OPT_SAR",145
455,"Region_2",2018,"Group_1","ML","OPT_SAR",205
456,"Region_2",2018,"Group_1","ML","OPT_SAR",190
457,"Region_2",2018,"Group_1","ML","OPT_SAR",148
457,"Region_2",2018,"Group_1","ML","OPT_SAR",205
458,"Region_2",2018,"Group_1","ML","OPT_SAR",127
458,"Region_2",2018,"Group_1","ML","OPT_SAR",196
459,"Region_2",2018,"Group_1","ML","OPT_SAR",148
460,"Region_2",2018,"Group_1","ML","OPT_SAR",154
461,"Region_2",2018,"Group_1","ML","OPT_SAR",172
462,"Region_2",2018,"Group_1","ML","OPT_SAR",124
462,"Region_2",2018,"Group_1","ML","OPT_SAR",190
463,"Region_2",2018,"Group_1","ML","OPT_SAR",169
464,"Region_2",2018,"Group_1","ML","OPT_SAR",160
465,"Region_2",2018,"Group_1","ML","OPT_SAR",157
466,"Region_2",2018,"Group_1","ML","OPT_SAR",148
466,"Region_2",2018,"Group_1","ML","OPT_SAR",214
467,"Region_2",2018,"Group_1","ML","OPT_SAR",148
467,"Region_2",2018,"Group_1","ML","OPT_SAR",199
468,"Region_2",2018,"Group_1","ML","OPT_SAR",145
469,"Region_2",2018,"Group_1","ML","OPT_SAR",150
469,"Region_2",2018,"Group_1","ML","OPT_SAR",255
470,"Region_2",2018,"Group_1","ML","OPT_SAR",150
470,"Region_2",2018,"Group_1","ML","OPT_SAR",201
470,"Region_2",2018,"Group_1","ML","OPT_SAR",249
471,"Region_2",2018,"Group_1","ML","OPT_SAR",150
472,"Region_2",2018,"Group_1","ML","OPT_SAR",150
472,"Region_2",2018,"Group_1","ML","OPT_SAR",243
473,"Region_2",2018,"Group_1","ML","OPT_SAR",147
473,"Region_2",2018,"Group_1","ML","OPT_SAR",231
474,"Region_2",2018,"Group_1","ML","OPT_SAR",198
474,"Region_2",2018,"Group_1","ML","OPT_SAR",267
475,"Region_2",2018,"Group_1","ML","OPT_SAR",204
475,"Region_2",2018,"Group_1","ML","OPT_SAR",255
476,"Region_2",2018,"Group_1","ML","OPT_SAR",153
476,"Region_2",2018,"Group_1","ML","OPT_SAR",210
477,"Region_2",2018,"Group_1","ML","OPT_SAR",171
477,"Region_2",2018,"Group_1","ML","OPT_SAR",246
478,"Region_2",2018,"Group_1","ML","OPT_SAR",156
478,"Region_2",2018,"Group_1","ML","OPT_SAR",252
479,"Region_2",2018,"Group_1","ML","OPT_SAR",186
479,"Region_2",2018,"Group_1","ML","OPT_SAR",246
481,"Region_2",2018,"Group_1","ML","OPT_SAR",150
481,"Region_2",2018,"Group_1","ML","OPT_SAR",246
482,"Region_2",2018,"Group_1","ML","OPT_SAR",174
482,"Region_2",2018,"Group_1","ML","OPT_SAR",252
483,"Region_2",2018,"Group_1","ML","OPT_SAR",219
483,"Region_2",2018,"Group_1","ML","OPT_SAR",246
484,"Region_2",2018,"Group_1","ML","OPT_SAR",252
485,"Region_2",2018,"Group_1","ML","OPT_SAR",171
486,"Region_2",2018,"Group_1","ML","OPT_SAR",198
486,"Region_2",2018,"Group_1","ML","OPT_SAR",252
487,"Region_2",2018,"Group_1","ML","OPT_SAR",171
487,"Region_2",2018,"Group_1","ML","OPT_SAR",246
488,"Region_2",2018,"Group_1","ML","OPT_SAR",165
488,"Region_2",2018,"Group_1","ML","OPT_SAR",237
489,"Region_2",2018,"Group_1","ML","OPT_SAR",165
489,"Region_2",2018,"Group_1","ML","OPT_SAR",240
490,"Region_2",2018,"Group_1","ML","OPT_SAR",159
490,"Region_2",2018,"Group_1","ML","OPT_SAR",240
491,"Region_2",2018,"Group_1","ML","OPT_SAR",171
491,"Region_2",2018,"Group_1","ML","OPT_SAR",252
492,"Region_2",2018,"Group_1","ML","OPT_SAR",204
492,"Region_2",2018,"Group_1","ML","OPT_SAR",267
493,"Region_2",2018,"Group_1","ML","OPT_SAR",147
493,"Region_2",2018,"Group_1","ML","OPT_SAR",183
493,"Region_2",2018,"Group_1","ML","OPT_SAR",222
493,"Region_2",2018,"Group_1","ML","OPT_SAR",243
494,"Region_2",2018,"Group_1","ML","OPT_SAR",159
494,"Region_2",2018,"Group_1","ML","OPT_SAR",243
495,"Region_2",2018,"Group_1","ML","OPT_SAR",132
495,"Region_2",2018,"Group_1","ML","OPT_SAR",246
496,"Region_2",2018,"Group_1","ML","OPT_SAR",246
497,"Region_2",2019,"Group_1","ML","OPT_SAR",173
498,"Region_2",2019,"Group_1","ML","OPT_SAR",172
498,"Region_2",2019,"Group_1","ML","OPT_SAR",235
499,"Region_2",2019,"Group_1","ML","OPT_SAR",161
499,"Region_2",2019,"Group_1","ML","OPT_SAR",239
500,"Region_2",2019,"Group_1","ML","OPT_SAR",137
500,"Region_2",2019,"Group_1","ML","OPT_SAR",197
500,"Region_2",2019,"Group_1","ML","OPT_SAR",233
501,"Region_2",2019,"Group_1","ML","OPT_SAR",167
502,"Region_2",2019,"Group_1","ML","OPT_SAR",143
502,"Region_2",2019,"Group_1","ML","OPT_SAR",173
502,"Region_2",2019,"Group_1","ML","OPT_SAR",245
503,"Region_2",2019,"Group_1","ML","OPT_SAR",167
504,"Region_2",2019,"Group_1","ML","OPT_SAR",149
504,"Region_2",2019,"Group_1","ML","OPT_SAR",236
505,"Region_2",2019,"Group_1","ML","OPT_SAR",167
505,"Region_2",2019,"Group_1","ML","OPT_SAR",251
506,"Region_2",2019,"Group_1","ML","OPT_SAR",167
508,"Region_2",2019,"Group_1","ML","OPT_SAR",146
508,"Region_2",2019,"Group_1","ML","OPT_SAR",197
509,"Region_2",2019,"Group_1","ML","OPT_SAR",140
509,"Region_2",2019,"Group_1","ML","OPT_SAR",176
510,"Region_2",2019,"Group_1","ML","OPT_SAR",179
511,"Region_2",2019,"Group_1","ML","OPT_SAR",173
511,"Region_2",2019,"Group_1","ML","OPT_SAR",239
512,"Region_2",2019,"Group_1","ML","OPT_SAR",209
512,"Region_2",2019,"Group_1","ML","OPT_SAR",242
513,"Region_2",2019,"Group_1","ML","OPT_SAR",173
514,"Region_2",2019,"Group_1","ML","OPT_SAR",173
515,"Region_2",2019,"Group_1","ML","OPT_SAR",173
516,"Region_2",2019,"Group_1","ML","OPT_SAR",173
517,"Region_2",2019,"Group_1","ML","OPT_SAR",143
517,"Region_2",2019,"Group_1","ML","OPT_SAR",197
518,"Region_2",2019,"Group_1","ML","OPT_SAR",149
518,"Region_2",2019,"Group_1","ML","OPT_SAR",203
518,"Region_2",2019,"Group_1","ML","OPT_SAR",245
519,"Region_2",2019,"Group_1","ML","OPT_SAR",149
519,"Region_2",2019,"Group_1","ML","OPT_SAR",251
520,"Region_2",2019,"Group_1","ML","OPT_SAR",155
520,"Region_2",2019,"Group_1","ML","OPT_SAR",257
521,"Region_2",2019,"Group_1","ML","OPT_SAR",155
521,"Region_2",2019,"Group_1","ML","OPT_SAR",254
522,"Region_2",2019,"Group_1","ML","OPT_SAR",170
522,"Region_2",2019,"Group_1","ML","OPT_SAR",248
523,"Region_2",2019,"Group_1","ML","OPT_SAR",176
524,"Region_2",2019,"Group_1","ML","OPT_SAR",173
524,"Region_2",2019,"Group_1","ML","OPT_SAR",239
525,"Region_2",2019,"Group_1","ML","OPT_SAR",173
525,"Region_2",2019,"Group_1","ML","OPT_SAR",236
526,"Region_2",2019,"Group_1","ML","OPT_SAR",143
526,"Region_2",2019,"Group_1","ML","OPT_SAR",242
527,"Region_2",2019,"Group_1","ML","OPT_SAR",155
527,"Region_2",2019,"Group_1","ML","OPT_SAR",242
528,"Region_2",2019,"Group_1","ML","OPT_SAR",167
529,"Region_2",2019,"Group_1","ML","OPT_SAR",155
529,"Region_2",2019,"Group_1","ML","OPT_SAR",248
530,"Region_2",2019,"Group_1","ML","OPT_SAR",229
531,"Region_2",2019,"Group_1","ML","OPT_SAR",175
532,"Region_2",2019,"Group_1","ML","OPT_SAR",175
532,"Region_2",2019,"Group_1","ML","OPT_SAR",262
533,"Region_2",2019,"Group_1","ML","OPT_SAR",175
533,"Region_2",2019,"Group_1","ML","OPT_SAR",235
534,"Region_2",2019,"Group_1","ML","OPT_SAR",169
534,"Region_2",2019,"Group_1","ML","OPT_SAR",268
535,"Region_2",2019,"Group_1","ML","OPT_SAR",193
536,"Region_2",2019,"Group_1","ML","OPT_SAR",160
536,"Region_2",2019,"Group_1","ML","OPT_SAR",202
536,"Region_2",2019,"Group_1","ML","OPT_SAR",244
537,"Region_2",2019,"Group_1","ML","OPT_SAR",187
537,"Region_2",2019,"Group_1","ML","OPT_SAR",274
538,"Region_2",2019,"Group_1","ML","OPT_SAR",196
539,"Region_2",2019,"Group_1","ML","OPT_SAR",205
539,"Region_2",2019,"Group_1","ML","OPT_SAR",271
540,"Region_2",2019,"Group_1","ML","OPT_SAR",178
541,"Region_2",2019,"Group_1","ML","OPT_SAR",148
541,"Region_2",2019,"Group_1","ML","OPT_SAR",199
542,"Region_2",2019,"Group_1","ML","OPT_SAR",175
543,"Region_2",2019,"Group_1","ML","OPT_SAR",175
544,"Region_2",2019,"Group_1","ML","OPT_SAR",181
545,"Region_2",2019,"Group_1","ML","OPT_SAR",157
546,"Region_2",2019,"Group_1","ML","OPT_SAR",157
546,"Region_2",2019,"Group_1","ML","OPT_SAR",199
547,"Region_2",2019,"Group_1","ML","OPT_SAR",157
548,"Region_2",2019,"Group_1","ML","OPT_SAR",166
548,"Region_2",2019,"Group_1","ML","OPT_SAR",199
551,"Region_2",2019,"Group_1","ML","OPT_SAR",142
551,"Region_2",2019,"Group_1","ML","OPT_SAR",190
552,"Region_2",2019,"Group_1","ML","OPT_SAR",181
553,"Region_2",2019,"Group_1","ML","OPT_SAR",196
553,"Region_2",2019,"Group_1","ML","OPT_SAR",244
554,"Region_2",2019,"Group_1","ML","OPT_SAR",130
554,"Region_2",2019,"Group_1","ML","OPT_SAR",178
554,"Region_2",2019,"Group_1","ML","OPT_SAR",247
555,"Region_2",2019,"Group_1","ML","OPT_SAR",172
556,"Region_2",2019,"Group_1","ML","OPT_SAR",187
556,"Region_2",2019,"Group_1","ML","OPT_SAR",247
557,"Region_2",2019,"Group_1","ML","OPT_SAR",139
557,"Region_2",2019,"Group_1","ML","OPT_SAR",214
558,"Region_2",2019,"Group_1","ML","OPT_SAR",238
559,"Region_2",2019,"Group_1","ML","OPT_SAR",166
560,"Region_2",2019,"Group_1","ML","OPT_SAR",187
560,"Region_2",2019,"Group_1","ML","OPT_SAR",253
562,"Region_2",2019,"Group_1","ML","OPT_SAR",190
563,"Region_2",2019,"Group_1","ML","OPT_SAR",184
563,"Region_2",2019,"Group_1","ML","OPT_SAR",217
564,"Region_2",2019,"Group_1","ML","OPT_SAR",176
564,"Region_2",2019,"Group_1","ML","OPT_SAR",245
565,"Region_2",2019,"Group_1","ML","OPT_SAR",173
566,"Region_2",2019,"Group_1","ML","OPT_SAR",161
566,"Region_2",2019,"Group_1","ML","OPT_SAR",200
566,"Region_2",2019,"Group_1","ML","OPT_SAR",257
567,"Region_2",2019,"Group_1","ML","OPT_SAR",173
567,"Region_2",2019,"Group_1","ML","OPT_SAR",272
568,"Region_2",2019,"Group_1","ML","OPT_SAR",173
568,"Region_2",2019,"Group_1","ML","OPT_SAR",272
569,"Region_2",2019,"Group_1","ML","OPT_SAR",173
569,"Region_2",2019,"Group_1","ML","OPT_SAR",233
570,"Region_2",2019,"Group_1","ML","OPT_SAR",143
570,"Region_2",2019,"Group_1","ML","OPT_SAR",191
570,"Region_2",2019,"Group_1","ML","OPT_SAR",263
571,"Region_2",2019,"Group_1","ML","OPT_SAR",257
572,"Region_2",2019,"Group_1","ML","OPT_SAR",173
572,"Region_2",2019,"Group_1","ML","OPT_SAR",239
573,"Region_2",2019,"Group_1","ML","OPT_SAR",146
573,"Region_2",2019,"Group_1","ML","OPT_SAR",191
573,"Region_2",2019,"Group_1","ML","OPT_SAR",245
574,"Region_2",2019,"Group_1","ML","OPT_SAR",155
574,"Region_2",2019,"Group_1","ML","OPT_SAR",206
574,"Region_2",2019,"Group_1","ML","OPT_SAR",263
575,"Region_2",2019,"Group_1","ML","OPT_SAR",173
576,"Region_2",2019,"Group_1","ML","OPT_SAR",173
576,"Region_2",2019,"Group_1","ML","OPT_SAR",236
577,"Region_2",2019,"Group_1","ML","OPT_SAR",146
577,"Region_2",2019,"Group_1","ML","OPT_SAR",185
577,"Region_2",2019,"Group_1","ML","OPT_SAR",260
578,"Region_2",2019,"Group_1","ML","OPT_SAR",173
579,"Region_2",2019,"Group_1","ML","OPT_SAR",173
580,"Region_2",2019,"Group_1","ML","OPT_SAR",194
581,"Region_2",2019,"Group_1","ML","OPT_SAR",194
582,"Region_2",2019,"Group_1","ML","OPT_SAR",176
582,"Region_2",2019,"Group_1","ML","OPT_SAR",257
583,"Region_2",2019,"Group_1","ML","OPT_SAR",173
583,"Region_2",2019,"Group_1","ML","OPT_SAR",257
584,"Region_2",2019,"Group_1","ML","OPT_SAR",176
584,"Region_2",2019,"Group_1","ML","OPT_SAR",266
585,"Region_2",2019,"Group_1","ML","OPT_SAR",173
585,"Region_2",2019,"Group_1","ML","OPT_SAR",263
586,"Region_2",2019,"Group_1","ML","OPT_SAR",176
586,"Region_2",2019,"Group_1","ML","OPT_SAR",257
587,"Region_2",2019,"Group_1","ML","OPT_SAR",176
588,"Region_2",2019,"Group_1","ML","OPT_SAR",167
588,"Region_2",2019,"Group_1","ML","OPT_SAR",236
589,"Region_2",2019,"Group_1","ML","OPT_SAR",173
589,"Region_2",2019,"Group_1","ML","OPT_SAR",233
590,"Region_2",2019,"Group_1","ML","OPT_SAR",140
590,"Region_2",2019,"Group_1","ML","OPT_SAR",179
590,"Region_2",2019,"Group_1","ML","OPT_SAR",242
591,"Region_2",2019,"Group_1","ML","OPT_SAR",164
591,"Region_2",2019,"Group_1","ML","OPT_SAR",203
591,"Region_2",2019,"Group_1","ML","OPT_SAR",251
592,"Region_2",2019,"Group_1","ML","OPT_SAR",173
592,"Region_2",2019,"Group_1","ML","OPT_SAR",251
593,"Region_2",2019,"Group_1","ML","OPT_SAR",173
593,"Region_2",2019,"Group_1","ML","OPT_SAR",254
593,"Region_2",2019,"Group_1","ML","OPT_SAR",272
594,"Region_2",2019,"Group_1","ML","OPT_SAR",176
594,"Region_2",2019,"Group_1","ML","OPT_SAR",242
596,"Region_2",2020,"Group_1","ML","OPT_SAR",138
596,"Region_2",2020,"Group_1","ML","OPT_SAR",174
596,"Region_2",2020,"Group_1","ML","OPT_SAR",213
596,"Region_2",2020,"Group_1","ML","OPT_SAR",258
597,"Region_2",2020,"Group_1","ML","OPT_SAR",171
598,"Region_2",2020,"Group_1","ML","OPT_SAR",174
599,"Region_2",2020,"Group_1","ML","OPT_SAR",156
599,"Region_2",2020,"Group_1","ML","OPT_SAR",243
600,"Region_2",2020,"Group_1","ML","OPT_SAR",129
600,"Region_2",2020,"Group_1","ML","OPT_SAR",186
600,"Region_2",2020,"Group_1","ML","OPT_SAR",252
601,"Region_2",2020,"Group_1","ML","OPT_SAR",168
601,"Region_2",2020,"Group_1","ML","OPT_SAR",246
602,"Region_2",2020,"Group_1","ML","OPT_SAR",180
603,"Region_2",2020,"Group_1","ML","OPT_SAR",186
604,"Region_2",2020,"Group_1","ML","OPT_SAR",168
604,"Region_2",2020,"Group_1","ML","OPT_SAR",252
605,"Region_2",2020,"Group_1","ML","OPT_SAR",144
605,"Region_2",2020,"Group_1","ML","OPT_SAR",216
606,"Region_2",2020,"Group_1","ML","OPT_SAR",156
606,"Region_2",2020,"Group_1","ML","OPT_SAR",207
607,"Region_2",2020,"Group_1","ML","OPT_SAR",156
607,"Region_2",2020,"Group_1","ML","OPT_SAR",198
607,"Region_2",2020,"Group_1","ML","OPT_SAR",273
608,"Region_2",2020,"Group_1","ML","OPT_SAR",264
609,"Region_2",2020,"Group_1","ML","OPT_SAR",189
610,"Region_2",2020,"Group_1","ML","OPT_SAR",153
610,"Region_2",2020,"Group_1","ML","OPT_SAR",219
611,"Region_2",2020,"Group_1","ML","OPT_SAR",177
611,"Region_2",2020,"Group_1","ML","OPT_SAR",243
612,"Region_2",2020,"Group_1","ML","OPT_SAR",180
613,"Region_2",2020,"Group_1","ML","OPT_SAR",168
613,"Region_2",2020,"Group_1","ML","OPT_SAR",255
614,"Region_2",2020,"Group_1","ML","OPT_SAR",171
614,"Region_2",2020,"Group_1","ML","OPT_SAR",255
615,"Region_2",2020,"Group_1","ML","OPT_SAR",126
615,"Region_2",2020,"Group_1","ML","OPT_SAR",186
615,"Region_2",2020,"Group_1","ML","OPT_SAR",252
616,"Region_2",2020,"Group_1","ML","OPT_SAR",168
616,"Region_2",2020,"Group_1","ML","OPT_SAR",258
617,"Region_2",2020,"Group_1","ML","OPT_SAR",156
617,"Region_2",2020,"Group_1","ML","OPT_SAR",246
618,"Region_2",2020,"Group_1","ML","OPT_SAR",165
618,"Region_2",2020,"Group_1","ML","OPT_SAR",219
618,"Region_2",2020,"Group_1","ML","OPT_SAR",258
619,"Region_2",2020,"Group_1","ML","OPT_SAR",165
619,"Region_2",2020,"Group_1","ML","OPT_SAR",210
619,"Region_2",2020,"Group_1","ML","OPT_SAR",267
620,"Region_2",2020,"Group_1","ML","OPT_SAR",210
621,"Region_2",2020,"Group_1","ML","OPT_SAR",174
621,"Region_2",2020,"Group_1","ML","OPT_SAR",243
622,"Region_2",2020,"Group_1","ML","OPT_SAR",174
622,"Region_2",2020,"Group_1","ML","OPT_SAR",243
623,"Region_2",2020,"Group_1","ML","OPT_SAR",171
623,"Region_2",2020,"Group_1","ML","OPT_SAR",240
624,"Region_2",2020,"Group_1","ML","OPT_SAR",168
624,"Region_2",2020,"Group_1","ML","OPT_SAR",252
625,"Region_2",2020,"Group_1","ML","OPT_SAR",168
625,"Region_2",2020,"Group_1","ML","OPT_SAR",252
626,"Region_2",2020,"Group_1","ML","OPT_SAR",173
626,"Region_2",2020,"Group_1","ML","OPT_SAR",218
627,"Region_2",2020,"Group_1","ML","OPT_SAR",200
628,"Region_2",2020,"Group_1","ML","OPT_SAR",197
629,"Region_2",2020,"Group_1","ML","OPT_SAR",167
629,"Region_2",2020,"Group_1","ML","OPT_SAR",218
630,"Region_2",2020,"Group_1","ML","OPT_SAR",203
631,"Region_2",2020,"Group_1","ML","OPT_SAR",203
632,"Region_2",2020,"Group_1","ML","OPT_SAR",158
632,"Region_2",2020,"Group_1","ML","OPT_SAR",230
633,"Region_2",2020,"Group_1","ML","OPT_SAR",155
633,"Region_2",2020,"Group_1","ML","OPT_SAR",218
634,"Region_2",2020,"Group_1","ML","OPT_SAR",158
634,"Region_2",2020,"Group_1","ML","OPT_SAR",224
635,"Region_2",2020,"Group_1","ML","OPT_SAR",164
635,"Region_2",2020,"Group_1","ML","OPT_SAR",227
636,"Region_2",2020,"Group_1","ML","OPT_SAR",158
637,"Region_2",2020,"Group_1","ML","OPT_SAR",158
637,"Region_2",2020,"Group_1","ML","OPT_SAR",263
638,"Region_2",2020,"Group_1","ML","OPT_SAR",158
639,"Region_2",2020,"Group_1","ML","OPT_SAR",173
639,"Region_2",2020,"Group_1","ML","OPT_SAR",218
640,"Region_2",2020,"Group_1","ML","OPT_SAR",176
640,"Region_2",2020,"Group_1","ML","OPT_SAR",224
641,"Region_2",2020,"Group_1","ML","OPT_SAR",170
642,"Region_2",2020,"Group_1","ML","OPT_SAR",230
643,"Region_2",2020,"Group_1","ML","OPT_SAR",173
643,"Region_2",2020,"Group_1","ML","OPT_SAR",218
645,"Region_2",2020,"Group_1","ML","OPT_SAR",185
646,"Region_2",2020,"Group_1","ML","OPT_SAR",95
646,"Region_2",2020,"Group_1","ML","OPT_SAR",194
647,"Region_2",2020,"Group_1","ML","OPT_SAR",143
647,"Region_2",2020,"Group_1","ML","OPT_SAR",200
648,"Region_2",2020,"Group_1","ML","OPT_SAR",161
648,"Region_2",2020,"Group_1","ML","OPT_SAR",218
649,"Region_2",2020,"Group_1","ML","OPT_SAR",152
649,"Region_2",2020,"Group_1","ML","OPT_SAR",209
650,"Region_2",2020,"Group_1","ML","OPT_SAR",95
650,"Region_2",2020,"Group_1","ML","OPT_SAR",170
650,"Region_2",2020,"Group_1","ML","OPT_SAR",230
651,"Region_2",2020,"Group_1","ML","OPT_SAR",221
652,"Region_2",2020,"Group_1","ML","OPT_SAR",146
652,"Region_2",2020,"Group_1","ML","OPT_SAR",212
653,"Region_2",2020,"Group_1","ML","OPT_SAR",215
654,"Region_2",2020,"Group_1","ML","OPT_SAR",186
655,"Region_2",2020,"Group_1","ML","OPT_SAR",147
655,"Region_2",2020,"Group_1","ML","OPT_SAR",195
655,"Region_2",2020,"Group_1","ML","OPT_SAR",264
656,"Region_2",2020,"Group_1","ML","OPT_SAR",159
656,"Region_2",2020,"Group_1","ML","OPT_SAR",192
657,"Region_2",2020,"Group_1","ML","OPT_SAR",195
658,"Region_2",2020,"Group_1","ML","OPT_SAR",207
659,"Region_2",2020,"Group_1","ML","OPT_SAR",201
660,"Region_2",2020,"Group_1","ML","OPT_SAR",186
660,"Region_2",2020,"Group_1","ML","OPT_SAR",252
661,"Region_2",2020,"Group_1","ML","OPT_SAR",174
661,"Region_2",2020,"Group_1","ML","OPT_SAR",210
661,"Region_2",2020,"Group_1","ML","OPT_SAR",255
662,"Region_2",2020,"Group_1","ML","OPT_SAR",174
663,"Region_2",2020,"Group_1","ML","OPT_SAR",189
663,"Region_2",2020,"Group_1","ML","OPT_SAR",258
664,"Region_2",2020,"Group_1","ML","OPT_SAR",144
664,"Region_2",2020,"Group_1","ML","OPT_SAR",186
664,"Region_2",2020,"Group_1","ML","OPT_SAR",258
666,"Region_2",2020,"Group_1","ML","OPT_SAR",171
666,"Region_2",2020,"Group_1","ML","OPT_SAR",216
666,"Region_2",2020,"Group_1","ML","OPT_SAR",261
667,"Region_2",2020,"Group_1","ML","OPT_SAR",198
667,"Region_2",2020,"Group_1","ML","OPT_SAR",273
668,"Region_2",2020,"Group_1","ML","OPT_SAR",174
668,"Region_2",2020,"Group_1","ML","OPT_SAR",210
669,"Region_2",2020,"Group_1","ML","OPT_SAR",147
669,"Region_2",2020,"Group_1","ML","OPT_SAR",222
670,"Region_2",2020,"Group_1","ML","OPT_SAR",168
670,"Region_2",2020,"Group_1","ML","OPT_SAR",267
671,"Region_2",2020,"Group_1","ML","OPT_SAR",147
671,"Region_2",2020,"Group_1","ML","OPT_SAR",195
671,"Region_2",2020,"Group_1","ML","OPT_SAR",255
672,"Region_2",2020,"Group_1","ML","OPT_SAR",186
673,"Region_2",2020,"Group_1","ML","OPT_SAR",150
673,"Region_2",2020,"Group_1","ML","OPT_SAR",204
674,"Region_2",2020,"Group_1","ML","OPT_SAR",189
675,"Region_2",2020,"Group_1","ML","OPT_SAR",171
675,"Region_2",2020,"Group_1","ML","OPT_SAR",198
676,"Region_2",2020,"Group_1","ML","OPT_SAR",180
677,"Region_2",2020,"Group_1","ML","OPT_SAR",186
677,"Region_2",2020,"Group_1","ML","OPT_SAR",264
678,"Region_2",2020,"Group_1","ML","OPT_SAR",198
678,"Region_2",2020,"Group_1","ML","OPT_SAR",258
679,"Region_2",2020,"Group_1","ML","OPT_SAR",174
679,"Region_2",2020,"Group_1","ML","OPT_SAR",264
680,"Region_2",2020,"Group_1","ML","OPT_SAR",168
680,"Region_2",2020,"Group_1","ML","OPT_SAR",270
681,"Region_2",2020,"Group_1","ML","OPT_SAR",162
681,"Region_2",2020,"Group_1","ML","OPT_SAR",210
681,"Region_2",2020,"Group_1","ML","OPT_SAR",261
682,"Region_2",2020,"Group_1","ML","OPT_SAR",147
682,"Region_2",2020,"Group_1","ML","OPT_SAR",186
682,"Region_2",2020,"Group_1","ML","OPT_SAR",258
683,"Region_2",2020,"Group_1","ML","OPT_SAR",207
683,"Region_2",2020,"Group_1","ML","OPT_SAR",261
684,"Region_2",2020,"Group_1","ML","OPT_SAR",171
684,"Region_2",2020,"Group_1","ML","OPT_SAR",216
684,"Region_2",2020,"Group_1","ML","OPT_SAR",258
685,"Region_2",2020,"Group_1","ML","OPT_SAR",150
685,"Region_2",2020,"Group_1","ML","OPT_SAR",219
686,"Region_2",2020,"Group_1","ML","OPT_SAR",198
687,"Region_2",2021,"Group_1","ML","OPT_SAR",156
687,"Region_2",2021,"Group_1","ML","OPT_SAR",213
687,"Region_2",2021,"Group_1","ML","OPT_SAR",249
688,"Region_2",2021,"Group_1","ML","OPT_SAR",156
688,"Region_2",2021,"Group_1","ML","OPT_SAR",195
688,"Region_2",2021,"Group_1","ML","OPT_SAR",231
689,"Region_2",2021,"Group_1","ML","OPT_SAR",150
689,"Region_2",2021,"Group_1","ML","OPT_SAR",210
689,"Region_2",2021,"Group_1","ML","OPT_SAR",249
690,"Region_2",2021,"Group_1","ML","OPT_SAR",162
690,"Region_2",2021,"Group_1","ML","OPT_SAR",225
691,"Region_2",2021,"Group_1","ML","OPT_SAR",201
692,"Region_2",2021,"Group_1","ML","OPT_SAR",156
692,"Region_2",2021,"Group_1","ML","OPT_SAR",225
693,"Region_2",2021,"Group_1","ML","OPT_SAR",162
693,"Region_2",2021,"Group_1","ML","OPT_SAR",222
694,"Region_2",2021,"Group_1","ML","OPT_SAR",162
695,"Region_2",2021,"Group_1","ML","OPT_SAR",156
695,"Region_2",2021,"Group_1","ML","OPT_SAR",225
696,"Region_2",2021,"Group_1","ML","OPT_SAR",159
696,"Region_2",2021,"Group_1","ML","OPT_SAR",246
697,"Region_2",2021,"Group_1","ML","OPT_SAR",156
698,"Region_2",2021,"Group_1","ML","OPT_SAR",162
699,"Region_2",2021,"Group_1","ML","OPT_SAR",156
699,"Region_2",2021,"Group_1","ML","OPT_SAR",237
700,"Region_2",2021,"Group_1","ML","OPT_SAR",162
701,"Region_2",2021,"Group_1","ML","OPT_SAR",150
701,"Region_2",2021,"Group_1","ML","OPT_SAR",201
702,"Region_2",2021,"Group_1","ML","OPT_SAR",150
702,"Region_2",2021,"Group_1","ML","OPT_SAR",198
703,"Region_2",2021,"Group_1","ML","OPT_SAR",156
703,"Region_2",2021,"Group_1","ML","OPT_SAR",225
704,"Region_2",2021,"Group_1","ML","OPT_SAR",180
705,"Region_2",2021,"Group_1","ML","OPT_SAR",192
706,"Region_2",2021,"Group_1","ML","OPT_SAR",186
707,"Region_2",2021,"Group_1","ML","OPT_SAR",162
707,"Region_2",2021,"Group_1","ML","OPT_SAR",228
708,"Region_2",2021,"Group_1","ML","OPT_SAR",189
709,"Region_2",2021,"Group_1","ML","OPT_SAR",159
709,"Region_2",2021,"Group_1","ML","OPT_SAR",249
710,"Region_2",2021,"Group_1","ML","OPT_SAR",159
710,"Region_2",2021,"Group_1","ML","OPT_SAR",204
711,"Region_2",2021,"Group_1","ML","OPT_SAR",159
711,"Region_2",2021,"Group_1","ML","OPT_SAR",222
712,"Region_2",2021,"Group_1","ML","OPT_SAR",156
712,"Region_2",2021,"Group_1","ML","OPT_SAR",228
713,"Region_2",2021,"Group_1","ML","OPT_SAR",159
713,"Region_2",2021,"Group_1","ML","OPT_SAR",222
714,"Region_2",2021,"Group_1","ML","OPT_SAR",165
714,"Region_2",2021,"Group_1","ML","OPT_SAR",204
716,"Region_2",2021,"Group_1","ML","OPT_SAR",180
716,"Region_2",2021,"Group_1","ML","OPT_SAR",201
717,"Region_2",2021,"Group_1","ML","OPT_SAR",201
718,"Region_2",2021,"Group_1","ML","OPT_SAR",156
719,"Region_2",2021,"Group_1","ML","OPT_SAR",156
720,"Region_2",2021,"Group_1","ML","OPT_SAR",156
720,"Region_2",2021,"Group_1","ML","OPT_SAR",204
721,"Region_2",2021,"Group_1","ML","OPT_SAR",159
721,"Region_2",2021,"Group_1","ML","OPT_SAR",219
722,"Region_2",2021,"Group_1","ML","OPT_SAR",158
727,"Region_2",2021,"Group_1","ML","OPT_SAR",167
727,"Region_2",2021,"Group_1","ML","OPT_SAR",233
728,"Region_2",2021,"Group_1","ML","OPT_SAR",167
728,"Region_2",2021,"Group_1","ML","OPT_SAR",248
730,"Region_2",2021,"Group_1","ML","OPT_SAR",269
732,"Region_2",2021,"Group_1","ML","OPT_SAR",152
732,"Region_2",2021,"Group_1","ML","OPT_SAR",239
733,"Region_2",2021,"Group_1","ML","OPT_SAR",152
733,"Region_2",2021,"Group_1","ML","OPT_SAR",242
734,"Region_2",2021,"Group_1","ML","OPT_SAR",152
734,"Region_2",2021,"Group_1","ML","OPT_SAR",236
735,"Region_2",2021,"Group_1","ML","OPT_SAR",155
735,"Region_2",2021,"Group_1","ML","OPT_SAR",230
735,"Region_2",2021,"Group_1","ML","OPT_SAR",269
736,"Region_2",2021,"Group_1","ML","OPT_SAR",227
737,"Region_2",2021,"Group_1","ML","OPT_SAR",164
738,"Region_2",2021,"Group_1","ML","OPT_SAR",179
738,"Region_2",2021,"Group_1","ML","OPT_SAR",215
738,"Region_2",2021,"Group_1","ML","OPT_SAR",254
739,"Region_2",2021,"Group_1","ML","OPT_SAR",170
740,"Region_2",2021,"Group_1","ML","OPT_SAR",131
740,"Region_2",2021,"Group_1","ML","OPT_SAR",170
740,"Region_2",2021,"Group_1","ML","OPT_SAR",254
741,"Region_2",2021,"Group_1","ML","OPT_SAR",167
741,"Region_2",2021,"Group_1","ML","OPT_SAR",203
742,"Region_2",2021,"Group_1","ML","OPT_SAR",197
743,"Region_2",2021,"Group_1","ML","OPT_SAR",158
743,"Region_2",2021,"Group_1","ML","OPT_SAR",224
743,"Region_2",2021,"Group_1","ML","OPT_SAR",269
744,"Region_2",2021,"Group_1","ML","OPT_SAR",164
744,"Region_2",2021,"Group_1","ML","OPT_SAR",233
745,"Region_2",2021,"Group_1","ML","OPT_SAR",191
745,"Region_2",2021,"Group_1","ML","OPT_SAR",242
746,"Region_2",2021,"Group_1","ML","OPT_SAR",170
746,"Region_2",2021,"Group_1","ML","OPT_SAR",215
747,"Region_2",2021,"Group_1","ML","OPT_SAR",197
747,"Region_2",2021,"Group_1","ML","OPT_SAR",227
748,"Region_2",2021,"Group_1","ML","OPT_SAR",170
748,"Region_2",2021,"Group_1","ML","OPT_SAR",233
749,"Region_2",2021,"Group_1","ML","OPT_SAR",158
749,"Region_2",2021,"Group_1","ML","OPT_SAR",242
750,"Region_2",2021,"Group_1","ML","OPT_SAR",158
751,"Region_2",2021,"Group_1","ML","OPT_SAR",179
753,"Region_2",2021,"Group_1","ML","OPT_SAR",173
753,"Region_2",2021,"Group_1","ML","OPT_SAR",221
754,"Region_2",2021,"Group_1","ML","OPT_SAR",176
754,"Region_2",2021,"Group_1","ML","OPT_SAR",227
755,"Region_2",2021,"Group_1","ML","OPT_SAR",185
756,"Region_2",2021,"Group_1","ML","OPT_SAR",233
757,"Region_2",2021,"Group_1","ML","OPT_SAR",167
758,"Region_2",2021,"Group_1","ML","OPT_SAR",164
759,"Region_2",2021,"Group_1","ML","OPT_SAR",162
759,"Region_2",2021,"Group_1","ML","OPT_SAR",240
760,"Region_2",2021,"Group_1","ML","OPT_SAR",141
760,"Region_2",2021,"Group_1","ML","OPT_SAR",198
761,"Region_2",2021,"Group_1","ML","OPT_SAR",195
761,"Region_2",2021,"Group_1","ML","OPT_SAR",273
762,"Region_2",2021,"Group_1","ML","OPT_SAR",171
762,"Region_2",2021,"Group_1","ML","OPT_SAR",201
762,"Region_2",2021,"Group_1","ML","OPT_SAR",261
763,"Region_2",2021,"Group_1","ML","OPT_SAR",168
763,"Region_2",2021,"Group_1","ML","OPT_SAR",258
764,"Region_2",2021,"Group_1","ML","OPT_SAR",165
765,"Region_2",2021,"Group_1","ML","OPT_SAR",162
765,"Region_2",2021,"Group_1","ML","OPT_SAR",195
766,"Region_2",2021,"Group_1","ML","OPT_SAR",165
766,"Region_2",2021,"Group_1","ML","OPT_SAR",243
767,"Region_2",2021,"Group_1","ML","OPT_SAR",162
767,"Region_2",2021,"Group_1","ML","OPT_SAR",219
768,"Region_2",2021,"Group_1","ML","OPT_SAR",162
768,"Region_2",2021,"Group_1","ML","OPT_SAR",240
769,"Region_2",2021,"Group_1","ML","OPT_SAR",162
769,"Region_2",2021,"Group_1","ML","OPT_SAR",237
770,"Region_2",2021,"Group_1","ML","OPT_SAR",168
770,"Region_2",2021,"Group_1","ML","OPT_SAR",195
770,"Region_2",2021,"Group_1","ML","OPT_SAR",243
771,"Region_2",2021,"Group_1","ML","OPT_SAR",138
771,"Region_2",2021,"Group_1","ML","OPT_SAR",198
771,"Region_2",2021,"Group_1","ML","OPT_SAR",258
772,"Region_2",2021,"Group_1","ML","OPT_SAR",204
772,"Region_2",2021,"Group_1","ML","OPT_SAR",273
773,"Region_2",2021,"Group_1","ML","OPT_SAR",162
773,"Region_2",2021,"Group_1","ML","OPT_SAR",219
773,"Region_2",2021,"Group_1","ML","OPT_SAR",273
774,"Region_2",2021,"Group_1","ML","OPT_SAR",159
774,"Region_2",2021,"Group_1","ML","OPT_SAR",219
774,"Region_2",2021,"Group_1","ML","OPT_SAR",261
775,"Region_2",2021,"Group_1","ML","OPT_SAR",159
775,"Region_2",2021,"Group_1","ML","OPT_SAR",237
776,"Region_2",2021,"Group_1","ML","OPT_SAR",162
776,"Region_2",2021,"Group_1","ML","OPT_SAR",273
777,"Region_2",2021,"Group_1","ML","OPT_SAR",162
777,"Region_2",2021,"Group_1","ML","OPT_SAR",204
777,"Region_2",2021,"Group_1","ML","OPT_SAR",261
778,"Region_2",2021,"Group_1","ML","OPT_SAR",147
778,"Region_2",2021,"Group_1","ML","OPT_SAR",201
779,"Region_2",2021,"Group_1","ML","OPT_SAR",147
779,"Region_2",2021,"Group_1","ML","OPT_SAR",198
780,"Region_2",2021,"Group_1","ML","OPT_SAR",168
780,"Region_2",2021,"Group_1","ML","OPT_SAR",198
780,"Region_2",2021,"Group_1","ML","OPT_SAR",261
781,"Region_2",2021,"Group_1","ML","OPT_SAR",168
781,"Region_2",2021,"Group_1","ML","OPT_SAR",198
781,"Region_2",2021,"Group_1","ML","OPT_SAR",252
782,"Region_2",2021,"Group_1","ML","OPT_SAR",165
782,"Region_2",2021,"Group_1","ML","OPT_SAR",222
782,"Region_2",2021,"Group_1","ML","OPT_SAR",267
783,"Region_2",2021,"Group_1","ML","OPT_SAR",168
783,"Region_2",2021,"Group_1","ML","OPT_SAR",198
783,"Region_2",2021,"Group_1","ML","OPT_SAR",273
784,"Region_2",2021,"Group_1","ML","OPT_SAR",156
784,"Region_2",2021,"Group_1","ML","OPT_SAR",198
784,"Region_2",2021,"Group_1","ML","OPT_SAR",261
785,"Region_2",2021,"Group_1","ML","OPT_SAR",165
785,"Region_2",2021,"Group_1","ML","OPT_SAR",219
785,"Region_2",2021,"Group_1","ML","OPT_SAR",255
786,"Region_2",2021,"Group_1","ML","OPT_SAR",168
787,"Region_2",2021,"Group_1","ML","OPT_SAR",162
787,"Region_2",2021,"Group_1","ML","OPT_SAR",222
787,"Region_2",2021,"Group_1","ML","OPT_SAR",252
788,"Region_2",2021,"Group_1","ML","OPT_SAR",153
788,"Region_2",2021,"Group_1","ML","OPT_SAR",201
789,"Region_2",2021,"Group_1","ML","OPT_SAR",165
789,"Region_2",2021,"Group_1","ML","OPT_SAR",192
789,"Region_2",2021,"Group_1","ML","OPT_SAR",243
790,"Region_2",2021,"Group_1","ML","OPT_SAR",168
790,"Region_2",2021,"Group_1","ML","OPT_SAR",195
309,"Region_2",2017,"Group_2","RBA","OPT",176
309,"Region_2",2017,"Group_2","RBA","OPT",253
310,"Region_2",2017,"Group_2","RBA","OPT",168
310,"Region_2",2017,"Group_2","RBA","OPT",263
311,"Region_2",2017,"Group_2","RBA","OPT",168
311,"Region_2",2017,"Group_2","RBA","OPT",288
312,"Region_2",2017,"Group_2","RBA","OPT",168
312,"Region_2",2017,"Group_2","RBA","OPT",286
313,"Region_2",2017,"Group_2","RBA","OPT",168
314,"Region_2",2017,"Group_2","RBA","OPT",168
314,"Region_2",2017,"Group_2","RBA","OPT",263
315,"Region_2",2017,"Group_2","RBA","OPT",145
315,"Region_2",2017,"Group_2","RBA","OPT",195
315,"Region_2",2017,"Group_2","RBA","OPT",263
316,"Region_2",2017,"Group_2","RBA","OPT",168
316,"Region_2",2017,"Group_2","RBA","OPT",263
317,"Region_2",2017,"Group_2","RBA","OPT",176
317,"Region_2",2017,"Group_2","RBA","OPT",263
318,"Region_2",2017,"Group_2","RBA","OPT",166
318,"Region_2",2017,"Group_2","RBA","OPT",234
319,"Region_2",2017,"Group_2","RBA","OPT",145
319,"Region_2",2017,"Group_2","RBA","OPT",198
319,"Region_2",2017,"Group_2","RBA","OPT",263
320,"Region_2",2017,"Group_2","RBA","OPT",119
320,"Region_2",2017,"Group_2","RBA","OPT",149
320,"Region_2",2017,"Group_2","RBA","OPT",176
320,"Region_2",2017,"Group_2","RBA","OPT",225
321,"Region_2",2017,"Group_2","RBA","OPT",176
321,"Region_2",2017,"Group_2","RBA","OPT",269
322,"Region_2",2017,"Group_2","RBA","OPT",168
322,"Region_2",2017,"Group_2","RBA","OPT",230
323,"Region_2",2017,"Group_2","RBA","OPT",145
323,"Region_2",2017,"Group_2","RBA","OPT",198
323,"Region_2",2017,"Group_2","RBA","OPT",230
324,"Region_2",2017,"Group_2","RBA","OPT",176
324,"Region_2",2017,"Group_2","RBA","OPT",269
325,"Region_2",2017,"Group_2","RBA","OPT",176
325,"Region_2",2017,"Group_2","RBA","OPT",229
325,"Region_2",2017,"Group_2","RBA","OPT",263
326,"Region_2",2017,"Group_2","RBA","OPT",166
326,"Region_2",2017,"Group_2","RBA","OPT",230
327,"Region_2",2017,"Group_2","RBA","OPT",176
327,"Region_2",2017,"Group_2","RBA","OPT",234
328,"Region_2",2017,"Group_2","RBA","OPT",168
328,"Region_2",2017,"Group_2","RBA","OPT",286
329,"Region_2",2017,"Group_2","RBA","OPT",168
329,"Region_2",2017,"Group_2","RBA","OPT",246
330,"Region_2",2017,"Group_2","RBA","OPT",168
330,"Region_2",2017,"Group_2","RBA","OPT",269
331,"Region_2",2017,"Group_2","RBA","OPT",166
331,"Region_2",2017,"Group_2","RBA","OPT",258
332,"Region_2",2017,"Group_2","RBA","OPT",166
332,"Region_2",2017,"Group_2","RBA","OPT",225
333,"Region_2",2017,"Group_2","RBA","OPT",166
333,"Region_2",2017,"Group_2","RBA","OPT",234
334,"Region_2",2017,"Group_2","RBA","OPT",145
334,"Region_2",2017,"Group_2","RBA","OPT",225
335,"Region_2",2017,"Group_2","RBA","OPT",166
335,"Region_2",2017,"Group_2","RBA","OPT",225
336,"Region_2",2017,"Group_2","RBA","OPT",134
336,"Region_2",2017,"Group_2","RBA","OPT",158
336,"Region_2",2017,"Group_2","RBA","OPT",235
336,"Region_2",2017,"Group_2","RBA","OPT",263
337,"Region_2",2017,"Group_2","RBA","OPT",176
338,"Region_2",2017,"Group_2","RBA","OPT",166
338,"Region_2",2017,"Group_2","RBA","OPT",235
339,"Region_2",2017,"Group_2","RBA","OPT",168
339,"Region_2",2017,"Group_2","RBA","OPT",225
339,"Region_2",2017,"Group_2","RBA","OPT",263
340,"Region_2",2017,"Group_2","RBA","OPT",263
341,"Region_2",2017,"Group_2","RBA","OPT",145
342,"Region_2",2017,"Group_2","RBA","OPT",183
343,"Region_2",2017,"Group_2","RBA","OPT",183
343,"Region_2",2017,"Group_2","RBA","OPT",286
344,"Region_2",2017,"Group_2","RBA","OPT",173
345,"Region_2",2017,"Group_2","RBA","OPT",168
345,"Region_2",2017,"Group_2","RBA","OPT",199
346,"Region_2",2017,"Group_2","RBA","OPT",168
347,"Region_2",2017,"Group_2","RBA","OPT",119
347,"Region_2",2017,"Group_2","RBA","OPT",168
348,"Region_2",2017,"Group_2","RBA","OPT",145
349,"Region_2",2017,"Group_2","RBA","OPT",168
349,"Region_2",2017,"Group_2","RBA","OPT",246
350,"Region_2",2017,"Group_2","RBA","OPT",150
350,"Region_2",2017,"Group_2","RBA","OPT",198
351,"Region_2",2017,"Group_2","RBA","OPT",185
352,"Region_2",2017,"Group_2","RBA","OPT",134
352,"Region_2",2017,"Group_2","RBA","OPT",183
352,"Region_2",2017,"Group_2","RBA","OPT",246
354,"Region_2",2017,"Group_2","RBA","OPT",168
354,"Region_2",2017,"Group_2","RBA","OPT",263
355,"Region_2",2017,"Group_2","RBA","OPT",189
356,"Region_2",2017,"Group_2","RBA","OPT",189
357,"Region_2",2017,"Group_2","RBA","OPT",145
357,"Region_2",2017,"Group_2","RBA","OPT",185
358,"Region_2",2017,"Group_2","RBA","OPT",168
358,"Region_2",2017,"Group_2","RBA","OPT",234
359,"Region_2",2017,"Group_2","RBA","OPT",185
360,"Region_2",2017,"Group_2","RBA","OPT",168
361,"Region_2",2017,"Group_2","RBA","OPT",136
361,"Region_2",2017,"Group_2","RBA","OPT",183
361,"Region_2",2017,"Group_2","RBA","OPT",235
361,"Region_2",2017,"Group_2","RBA","OPT",263
361,"Region_2",2017,"Group_2","RBA","OPT",286
362,"Region_2",2017,"Group_2","RBA","OPT",168
363,"Region_2",2017,"Group_2","RBA","OPT",168
363,"Region_2",2017,"Group_2","RBA","OPT",199
364,"Region_2",2017,"Group_2","RBA","OPT",136
364,"Region_2",2017,"Group_2","RBA","OPT",225
365,"Region_2",2017,"Group_2","RBA","OPT",145
366,"Region_2",2017,"Group_2","RBA","OPT",168
367,"Region_2",2017,"Group_2","RBA","OPT",136
367,"Region_2",2017,"Group_2","RBA","OPT",183
367,"Region_2",2017,"Group_2","RBA","OPT",246
368,"Region_2",2017,"Group_2","RBA","OPT",183
368,"Region_2",2017,"Group_2","RBA","OPT",263
369,"Region_2",2017,"Group_2","RBA","OPT",199
370,"Region_2",2017,"Group_2","RBA","OPT",168
370,"Region_2",2017,"Group_2","RBA","OPT",239
371,"Region_2",2017,"Group_2","RBA","OPT",168
371,"Region_2",2017,"Group_2","RBA","OPT",239
372,"Region_2",2017,"Group_2","RBA","OPT",168
373,"Region_2",2017,"Group_2","RBA","OPT",168
374,"Region_2",2017,"Group_2","RBA","OPT",272
376,"Region_2",2017,"Group_2","RBA","OPT",151
376,"Region_2",2017,"Group_2","RBA","OPT",240
377,"Region_2",2017,"Group_2","RBA","OPT",88
377,"Region_2",2017,"Group_2","RBA","OPT",137
377,"Region_2",2017,"Group_2","RBA","OPT",198
378,"Region_2",2017,"Group_2","RBA","OPT",168
378,"Region_2",2017,"Group_2","RBA","OPT",221
379,"Region_2",2017,"Group_2","RBA","OPT",168
379,"Region_2",2017,"Group_2","RBA","OPT",200
380,"Region_2",2017,"Group_2","RBA","OPT",272
380,"Region_2",2017,"Group_2","RBA","OPT",287
381,"Region_2",2017,"Group_2","RBA","OPT",160
381,"Region_2",2017,"Group_2","RBA","OPT",221
382,"Region_2",2017,"Group_2","RBA","OPT",160
382,"Region_2",2017,"Group_2","RBA","OPT",270
383,"Region_2",2017,"Group_2","RBA","OPT",211
383,"Region_2",2017,"Group_2","RBA","OPT",240
383,"Region_2",2017,"Group_2","RBA","OPT",270
384,"Region_2",2017,"Group_2","RBA","OPT",153
384,"Region_2",2017,"Group_2","RBA","OPT",166
384,"Region_2",2017,"Group_2","RBA","OPT",287
385,"Region_2",2017,"Group_2","RBA","OPT",292
386,"Region_2",2017,"Group_2","RBA","OPT",167
387,"Region_2",2017,"Group_2","RBA","OPT",168
387,"Region_2",2017,"Group_2","RBA","OPT",200
387,"Region_2",2017,"Group_2","RBA","OPT",272
388,"Region_2",2017,"Group_2","RBA","OPT",167
388,"Region_2",2017,"Group_2","RBA","OPT",225
388,"Region_2",2017,"Group_2","RBA","OPT",280
389,"Region_2",2017,"Group_2","RBA","OPT",153
389,"Region_2",2017,"Group_2","RBA","OPT",257
390,"Region_2",2017,"Group_2","RBA","OPT",167
390,"Region_2",2017,"Group_2","RBA","OPT",257
391,"Region_2",2017,"Group_2","RBA","OPT",167
391,"Region_2",2017,"Group_2","RBA","OPT",257
393,"Region_2",2017,"Group_2","RBA","OPT",88
393,"Region_2",2017,"Group_2","RBA","OPT",168
393,"Region_2",2017,"Group_2","RBA","OPT",240
393,"Region_2",2017,"Group_2","RBA","OPT",291
394,"Region_2",2017,"Group_2","RBA","OPT",240
395,"Region_2",2017,"Group_2","RBA","OPT",167
396,"Region_2",2017,"Group_2","RBA","OPT",167
396,"Region_2",2017,"Group_2","RBA","OPT",261
396,"Region_2",2017,"Group_2","RBA","OPT",287
397,"Region_2",2017,"Group_2","RBA","OPT",292
399,"Region_2",2017,"Group_2","RBA","OPT",200
399,"Region_2",2017,"Group_2","RBA","OPT",272
400,"Region_2",2017,"Group_2","RBA","OPT",160
400,"Region_2",2017,"Group_2","RBA","OPT",224
401,"Region_2",2017,"Group_2","RBA","OPT",151
401,"Region_2",2017,"Group_2","RBA","OPT",240
401,"Region_2",2017,"Group_2","RBA","OPT",292
402,"Region_2",2017,"Group_2","RBA","OPT",198
402,"Region_2",2017,"Group_2","RBA","OPT",240
403,"Region_2",2017,"Group_2","RBA","OPT",217
405,"Region_2",2017,"Group_2","RBA","OPT",198
405,"Region_2",2017,"Group_2","RBA","OPT",240
406,"Region_2",2017,"Group_2","RBA","OPT",167
406,"Region_2",2017,"Group_2","RBA","OPT",221
407,"Region_2",2018,"Group_2","RBA","OPT",170
407,"Region_2",2018,"Group_2","RBA","OPT",208
408,"Region_2",2018,"Group_2","RBA","OPT",181
408,"Region_2",2018,"Group_2","RBA","OPT",230
409,"Region_2",2018,"Group_2","RBA","OPT",155
409,"Region_2",2018,"Group_2","RBA","OPT",170
409,"Region_2",2018,"Group_2","RBA","OPT",233
410,"Region_2",2018,"Group_2","RBA","OPT",170
411,"Region_2",2018,"Group_2","RBA","OPT",177
412,"Region_2",2018,"Group_2","RBA","OPT",181
412,"Region_2",2018,"Group_2","RBA","OPT",233
412,"Region_2",2018,"Group_2","RBA","OPT",286
413,"Region_2",2018,"Group_2","RBA","OPT",150
413,"Region_2",2018,"Group_2","RBA","OPT",194
414,"Region_2",2018,"Group_2","RBA","OPT",170
415,"Region_2",2018,"Group_2","RBA","OPT",166
415,"Region_2",2018,"Group_2","RBA","OPT",230
415,"Region_2",2018,"Group_2","RBA","OPT",291
416,"Region_2",2018,"Group_2","RBA","OPT",170
416,"Region_2",2018,"Group_2","RBA","OPT",233
416,"Region_2",2018,"Group_2","RBA","OPT",286
417,"Region_2",2018,"Group_2","RBA","OPT",189
417,"Region_2",2018,"Group_2","RBA","OPT",275
418,"Region_2",2018,"Group_2","RBA","OPT",154
418,"Region_2",2018,"Group_2","RBA","OPT",199
419,"Region_2",2018,"Group_2","RBA","OPT",181
420,"Region_2",2018,"Group_2","RBA","OPT",137
420,"Region_2",2018,"Group_2","RBA","OPT",170
421,"Region_2",2018,"Group_2","RBA","OPT",154
421,"Region_2",2018,"Group_2","RBA","OPT",181
422,"Region_2",2018,"Group_2","RBA","OPT",181
422,"Region_2",2018,"Group_2","RBA","OPT",291
423,"Region_2",2018,"Group_2","RBA","OPT",181
427,"Region_2",2018,"Group_2","RBA","OPT",181
427,"Region_2",2018,"Group_2","RBA","OPT",211
428,"Region_2",2018,"Group_2","RBA","OPT",170
428,"Region_2",2018,"Group_2","RBA","OPT",211
429,"Region_2",2018,"Group_2","RBA","OPT",137
429,"Region_2",2018,"Group_2","RBA","OPT",181
430,"Region_2",2018,"Group_2","RBA","OPT",170
431,"Region_2",2018,"Group_2","RBA","OPT",170
431,"Region_2",2018,"Group_2","RBA","OPT",253
432,"Region_2",2018,"Group_2","RBA","OPT",154
432,"Region_2",2018,"Group_2","RBA","OPT",170
433,"Region_2",2018,"Group_2","RBA","OPT",204
434,"Region_2",2018,"Group_2","RBA","OPT",170
434,"Region_2",2018,"Group_2","RBA","OPT",230
434,"Region_2",2018,"Group_2","RBA","OPT",275
435,"Region_2",2018,"Group_2","RBA","OPT",166
436,"Region_2",2018,"Group_2","RBA","OPT",170
436,"Region_2",2018,"Group_2","RBA","OPT",230
436,"Region_2",2018,"Group_2","RBA","OPT",297
437,"Region_2",2018,"Group_2","RBA","OPT",131
437,"Region_2",2018,"Group_2","RBA","OPT",170
437,"Region_2",2018,"Group_2","RBA","OPT",217
438,"Region_2",2018,"Group_2","RBA","OPT",181
438,"Region_2",2018,"Group_2","RBA","OPT",233
439,"Region_2",2018,"Group_2","RBA","OPT",217
440,"Region_2",2018,"Group_2","RBA","OPT",181
441,"Region_2",2018,"Group_2","RBA","OPT",124
441,"Region_2",2018,"Group_2","RBA","OPT",189
441,"Region_2",2018,"Group_2","RBA","OPT",253
442,"Region_2",2018,"Group_2","RBA","OPT",177
443,"Region_2",2018,"Group_2","RBA","OPT",155
444,"Region_2",2018,"Group_2","RBA","OPT",155
445,"Region_2",2018,"Group_2","RBA","OPT",138
446,"Region_2",2018,"Group_2","RBA","OPT",178
447,"Region_2",2018,"Group_2","RBA","OPT",170
449,"Region_2",2018,"Group_2","RBA","OPT",138
450,"Region_2",2018,"Group_2","RBA","OPT",178
451,"Region_2",2018,"Group_2","RBA","OPT",177
452,"Region_2",2018,"Group_2","RBA","OPT",178
455,"Region_2",2018,"Group_2","RBA","OPT",155
457,"Region_2",2018,"Group_2","RBA","OPT",150
458,"Region_2",2018,"Group_2","RBA","OPT",170
459,"Region_2",2018,"Group_2","RBA","OPT",155
460,"Region_2",2018,"Group_2","RBA","OPT",170
461,"Region_2",2018,"Group_2","RBA","OPT",178
462,"Region_2",2018,"Group_2","RBA","OPT",126
463,"Region_2",2018,"Group_2","RBA","OPT",177
464,"Region_2",2018,"Group_2","RBA","OPT",178
465,"Region_2",2018,"Group_2","RBA","OPT",159
466,"Region_2",2018,"Group_2","RBA","OPT",155
467,"Region_2",2018,"Group_2","RBA","OPT",145
468,"Region_2",2018,"Group_2","RBA","OPT",155
469,"Region_2",2018,"Group_2","RBA","OPT",153
469,"Region_2",2018,"Group_2","RBA","OPT",251
470,"Region_2",2018,"Group_2","RBA","OPT",153
471,"Region_2",2018,"Group_2","RBA","OPT",153
473,"Region_2",2018,"Group_2","RBA","OPT",148
473,"Region_2",2018,"Group_2","RBA","OPT",228
474,"Region_2",2018,"Group_2","RBA","OPT",202
474,"Region_2",2018,"Group_2","RBA","OPT",259
475,"Region_2",2018,"Group_2","RBA","OPT",258
476,"Region_2",2018,"Group_2","RBA","OPT",217
477,"Region_2",2018,"Group_2","RBA","OPT",178
478,"Region_2",2018,"Group_2","RBA","OPT",258
479,"Region_2",2018,"Group_2","RBA","OPT",183
479,"Region_2",2018,"Group_2","RBA","OPT",258
480,"Region_2",2018,"Group_2","RBA","OPT",118
481,"Region_2",2018,"Group_2","RBA","OPT",148
482,"Region_2",2018,"Group_2","RBA","OPT",178
482,"Region_2",2018,"Group_2","RBA","OPT",251
483,"Region_2",2018,"Group_2","RBA","OPT",143
483,"Region_2",2018,"Group_2","RBA","OPT",195
483,"Region_2",2018,"Group_2","RBA","OPT",251
484,"Region_2",2018,"Group_2","RBA","OPT",258
485,"Region_2",2018,"Group_2","RBA","OPT",178
485,"Region_2",2018,"Group_2","RBA","OPT",278
486,"Region_2",2018,"Group_2","RBA","OPT",258
487,"Region_2",2018,"Group_2","RBA","OPT",246
488,"Region_2",2018,"Group_2","RBA","OPT",178
489,"Region_2",2018,"Group_2","RBA","OPT",178
490,"Region_2",2018,"Group_2","RBA","OPT",183
490,"Region_2",2018,"Group_2","RBA","OPT",246
491,"Region_2",2018,"Group_2","RBA","OPT",178
491,"Region_2",2018,"Group_2","RBA","OPT",242
492,"Region_2",2018,"Group_2","RBA","OPT",211
492,"Region_2",2018,"Group_2","RBA","OPT",251
492,"Region_2",2018,"Group_2","RBA","OPT",278
493,"Region_2",2018,"Group_2","RBA","OPT",181
493,"Region_2",2018,"Group_2","RBA","OPT",212
493,"Region_2",2018,"Group_2","RBA","OPT",270
494,"Region_2",2018,"Group_2","RBA","OPT",251
495,"Region_2",2018,"Group_2","RBA","OPT",195
495,"Region_2",2018,"Group_2","RBA","OPT",251
495,"Region_2",2018,"Group_2","RBA","OPT",278
496,"Region_2",2018,"Group_2","RBA","OPT",251
497,"Region_2",2019,"Group_2","RBA","OPT",176
498,"Region_2",2019,"Group_2","RBA","OPT",235
499,"Region_2",2019,"Group_2","RBA","OPT",165
500,"Region_2",2019,"Group_2","RBA","OPT",143
500,"Region_2",2019,"Group_2","RBA","OPT",223
501,"Region_2",2019,"Group_2","RBA","OPT",168
502,"Region_2",2019,"Group_2","RBA","OPT",154
502,"Region_2",2019,"Group_2","RBA","OPT",172
503,"Region_2",2019,"Group_2","RBA","OPT",168
503,"Region_2",2019,"Group_2","RBA","OPT",256
504,"Region_2",2019,"Group_2","RBA","OPT",154
505,"Region_2",2019,"Group_2","RBA","OPT",168
506,"Region_2",2019,"Group_2","RBA","OPT",168
508,"Region_2",2019,"Group_2","RBA","OPT",149
509,"Region_2",2019,"Group_2","RBA","OPT",149
509,"Region_2",2019,"Group_2","RBA","OPT",176
510,"Region_2",2019,"Group_2","RBA","OPT",176
511,"Region_2",2019,"Group_2","RBA","OPT",172
513,"Region_2",2019,"Group_2","RBA","OPT",176
514,"Region_2",2019,"Group_2","RBA","OPT",172
515,"Region_2",2019,"Group_2","RBA","OPT",176
516,"Region_2",2019,"Group_2","RBA","OPT",176
517,"Region_2",2019,"Group_2","RBA","OPT",149
518,"Region_2",2019,"Group_2","RBA","OPT",154
518,"Region_2",2019,"Group_2","RBA","OPT",244
519,"Region_2",2019,"Group_2","RBA","OPT",154
520,"Region_2",2019,"Group_2","RBA","OPT",164
521,"Region_2",2019,"Group_2","RBA","OPT",88
521,"Region_2",2019,"Group_2","RBA","OPT",154
522,"Region_2",2019,"Group_2","RBA","OPT",172
523,"Region_2",2019,"Group_2","RBA","OPT",176
524,"Region_2",2019,"Group_2","RBA","OPT",176
525,"Region_2",2019,"Group_2","RBA","OPT",176
526,"Region_2",2019,"Group_2","RBA","OPT",154
526,"Region_2",2019,"Group_2","RBA","OPT",252
527,"Region_2",2019,"Group_2","RBA","OPT",154
528,"Region_2",2019,"Group_2","RBA","OPT",165
528,"Region_2",2019,"Group_2","RBA","OPT",244
529,"Region_2",2019,"Group_2","RBA","OPT",164
530,"Region_2",2019,"Group_2","RBA","OPT",235
532,"Region_2",2019,"Group_2","RBA","OPT",176
532,"Region_2",2019,"Group_2","RBA","OPT",261
533,"Region_2",2019,"Group_2","RBA","OPT",172
533,"Region_2",2019,"Group_2","RBA","OPT",235
533,"Region_2",2019,"Group_2","RBA","OPT",269
534,"Region_2",2019,"Group_2","RBA","OPT",159
535,"Region_2",2019,"Group_2","RBA","OPT",206
536,"Region_2",2019,"Group_2","RBA","OPT",198
537,"Region_2",2019,"Group_2","RBA","OPT",190
537,"Region_2",2019,"Group_2","RBA","OPT",278
538,"Region_2",2019,"Group_2","RBA","OPT",181
538,"Region_2",2019,"Group_2","RBA","OPT",198
539,"Region_2",2019,"Group_2","RBA","OPT",190
539,"Region_2",2019,"Group_2","RBA","OPT",206
539,"Region_2",2019,"Group_2","RBA","OPT",278
540,"Region_2",2019,"Group_2","RBA","OPT",175
540,"Region_2",2019,"Group_2","RBA","OPT",190
541,"Region_2",2019,"Group_2","RBA","OPT",159
542,"Region_2",2019,"Group_2","RBA","OPT",126
542,"Region_2",2019,"Group_2","RBA","OPT",153
542,"Region_2",2019,"Group_2","RBA","OPT",173
542,"Region_2",2019,"Group_2","RBA","OPT",206
542,"Region_2",2019,"Group_2","RBA","OPT",286
543,"Region_2",2019,"Group_2","RBA","OPT",175
543,"Region_2",2019,"Group_2","RBA","OPT",190
543,"Region_2",2019,"Group_2","RBA","OPT",242
544,"Region_2",2019,"Group_2","RBA","OPT",153
544,"Region_2",2019,"Group_2","RBA","OPT",175
544,"Region_2",2019,"Group_2","RBA","OPT",190
545,"Region_2",2019,"Group_2","RBA","OPT",155
545,"Region_2",2019,"Group_2","RBA","OPT",206
546,"Region_2",2019,"Group_2","RBA","OPT",159
547,"Region_2",2019,"Group_2","RBA","OPT",159
548,"Region_2",2019,"Group_2","RBA","OPT",159
548,"Region_2",2019,"Group_2","RBA","OPT",181
551,"Region_2",2019,"Group_2","RBA","OPT",143
551,"Region_2",2019,"Group_2","RBA","OPT",190
552,"Region_2",2019,"Group_2","RBA","OPT",108
552,"Region_2",2019,"Group_2","RBA","OPT",181
553,"Region_2",2019,"Group_2","RBA","OPT",181
553,"Region_2",2019,"Group_2","RBA","OPT",198
553,"Region_2",2019,"Group_2","RBA","OPT",246
554,"Region_2",2019,"Group_2","RBA","OPT",181
554,"Region_2",2019,"Group_2","RBA","OPT",256
555,"Region_2",2019,"Group_2","RBA","OPT",159
556,"Region_2",2019,"Group_2","RBA","OPT",190
556,"Region_2",2019,"Group_2","RBA","OPT",223
557,"Region_2",2019,"Group_2","RBA","OPT",150
557,"Region_2",2019,"Group_2","RBA","OPT",198
557,"Region_2",2019,"Group_2","RBA","OPT",221
558,"Region_2",2019,"Group_2","RBA","OPT",159
558,"Region_2",2019,"Group_2","RBA","OPT",221
559,"Region_2",2019,"Group_2","RBA","OPT",94
559,"Region_2",2019,"Group_2","RBA","OPT",166
559,"Region_2",2019,"Group_2","RBA","OPT",198
560,"Region_2",2019,"Group_2","RBA","OPT",143
560,"Region_2",2019,"Group_2","RBA","OPT",159
560,"Region_2",2019,"Group_2","RBA","OPT",193
560,"Region_2",2019,"Group_2","RBA","OPT",215
560,"Region_2",2019,"Group_2","RBA","OPT",238
561,"Region_2",2019,"Group_2","RBA","OPT",159
561,"Region_2",2019,"Group_2","RBA","OPT",193
562,"Region_2",2019,"Group_2","RBA","OPT",198
562,"Region_2",2019,"Group_2","RBA","OPT",238
562,"Region_2",2019,"Group_2","RBA","OPT",252
563,"Region_2",2019,"Group_2","RBA","OPT",143
563,"Region_2",2019,"Group_2","RBA","OPT",190
563,"Region_2",2019,"Group_2","RBA","OPT",206
563,"Region_2",2019,"Group_2","RBA","OPT",230
563,"Region_2",2019,"Group_2","RBA","OPT",256
564,"Region_2",2019,"Group_2","RBA","OPT",178
564,"Region_2",2019,"Group_2","RBA","OPT",246
565,"Region_2",2019,"Group_2","RBA","OPT",173
566,"Region_2",2019,"Group_2","RBA","OPT",204
566,"Region_2",2019,"Group_2","RBA","OPT",253
567,"Region_2",2019,"Group_2","RBA","OPT",176
567,"Region_2",2019,"Group_2","RBA","OPT",285
568,"Region_2",2019,"Group_2","RBA","OPT",176
568,"Region_2",2019,"Group_2","RBA","OPT",285
569,"Region_2",2019,"Group_2","RBA","OPT",176
569,"Region_2",2019,"Group_2","RBA","OPT",239
570,"Region_2",2019,"Group_2","RBA","OPT",150
570,"Region_2",2019,"Group_2","RBA","OPT",196
570,"Region_2",2019,"Group_2","RBA","OPT",270
571,"Region_2",2019,"Group_2","RBA","OPT",176
571,"Region_2",2019,"Group_2","RBA","OPT",261
572,"Region_2",2019,"Group_2","RBA","OPT",176
572,"Region_2",2019,"Group_2","RBA","OPT",219
572,"Region_2",2019,"Group_2","RBA","OPT",239
572,"Region_2",2019,"Group_2","RBA","OPT",285
573,"Region_2",2019,"Group_2","RBA","OPT",154
573,"Region_2",2019,"Group_2","RBA","OPT",195
573,"Region_2",2019,"Group_2","RBA","OPT",251
574,"Region_2",2019,"Group_2","RBA","OPT",154
574,"Region_2",2019,"Group_2","RBA","OPT",288
575,"Region_2",2019,"Group_2","RBA","OPT",176
575,"Region_2",2019,"Group_2","RBA","OPT",259
576,"Region_2",2019,"Group_2","RBA","OPT",176
576,"Region_2",2019,"Group_2","RBA","OPT",239
577,"Region_2",2019,"Group_2","RBA","OPT",150
577,"Region_2",2019,"Group_2","RBA","OPT",183
577,"Region_2",2019,"Group_2","RBA","OPT",261
577,"Region_2",2019,"Group_2","RBA","OPT",285
578,"Region_2",2019,"Group_2","RBA","OPT",176
579,"Region_2",2019,"Group_2","RBA","OPT",176
579,"Region_2",2019,"Group_2","RBA","OPT",253
580,"Region_2",2019,"Group_2","RBA","OPT",196
580,"Region_2",2019,"Group_2","RBA","OPT",285
581,"Region_2",2019,"Group_2","RBA","OPT",136
581,"Region_2",2019,"Group_2","RBA","OPT",195
582,"Region_2",2019,"Group_2","RBA","OPT",176
582,"Region_2",2019,"Group_2","RBA","OPT",253
583,"Region_2",2019,"Group_2","RBA","OPT",176
583,"Region_2",2019,"Group_2","RBA","OPT",261
584,"Region_2",2019,"Group_2","RBA","OPT",178
584,"Region_2",2019,"Group_2","RBA","OPT",270
586,"Region_2",2019,"Group_2","RBA","OPT",176
586,"Region_2",2019,"Group_2","RBA","OPT",259
587,"Region_2",2019,"Group_2","RBA","OPT",176
588,"Region_2",2019,"Group_2","RBA","OPT",173
588,"Region_2",2019,"Group_2","RBA","OPT",239
589,"Region_2",2019,"Group_2","RBA","OPT",173
589,"Region_2",2019,"Group_2","RBA","OPT",239
590,"Region_2",2019,"Group_2","RBA","OPT",150
590,"Region_2",2019,"Group_2","RBA","OPT",183
590,"Region_2",2019,"Group_2","RBA","OPT",246
591,"Region_2",2019,"Group_2","RBA","OPT",168
591,"Region_2",2019,"Group_2","RBA","OPT",261
592,"Region_2",2019,"Group_2","RBA","OPT",176
592,"Region_2",2019,"Group_2","RBA","OPT",252
593,"Region_2",2019,"Group_2","RBA","OPT",176
593,"Region_2",2019,"Group_2","RBA","OPT",285
594,"Region_2",2019,"Group_2","RBA","OPT",176
595,"Region_2",2019,"Group_2","RBA","OPT",156
595,"Region_2",2019,"Group_2","RBA","OPT",245
0,"Region_1",2020,"Group_2","RBA","OPT",199
1,"Region_1",2020,"Group_2","RBA","OPT",151
1,"Region_1",2020,"Group_2","RBA","OPT",190
1,"Region_1",2020,"Group_2","RBA","OPT",207
1,"Region_1",2020,"Group_2","RBA","OPT",230
2,"Region_1",2020,"Group_2","RBA","OPT",150
2,"Region_1",2020,"Group_2","RBA","OPT",199
4,"Region_1",2020,"Group_2","RBA","OPT",151
4,"Region_1",2020,"Group_2","RBA","OPT",198
4,"Region_1",2020,"Group_2","RBA","OPT",231
5,"Region_1",2020,"Group_2","RBA","OPT",174
6,"Region_1",2020,"Group_2","RBA","OPT",174
7,"Region_1",2020,"Group_2","RBA","OPT",190
14,"Region_1",2020,"Group_2","RBA","OPT",199
15,"Region_1",2020,"Group_2","RBA","OPT",174
15,"Region_1",2020,"Group_2","RBA","OPT",238
16,"Region_1",2020,"Group_2","RBA","OPT",174
16,"Region_1",2020,"Group_2","RBA","OPT",238
18,"Region_1",2020,"Group_2","RBA","OPT",231
21,"Region_1",2020,"Group_2","RBA","OPT",231
22,"Region_1",2020,"Group_2","RBA","OPT",151
28,"Region_1",2020,"Group_2","RBA","OPT",174
28,"Region_1",2020,"Group_2","RBA","OPT",222
29,"Region_1",2020,"Group_2","RBA","OPT",126
30,"Region_1",2020,"Group_2","RBA","OPT",83
30,"Region_1",2020,"Group_2","RBA","OPT",148
30,"Region_1",2020,"Group_2","RBA","OPT",188
31,"Region_1",2020,"Group_2","RBA","OPT",149
31,"Region_1",2020,"Group_2","RBA","OPT",203
31,"Region_1",2020,"Group_2","RBA","OPT",245
37,"Region_1",2020,"Group_2","RBA","OPT",151
37,"Region_1",2020,"Group_2","RBA","OPT",199
37,"Region_1",2020,"Group_2","RBA","OPT",238
596,"Region_2",2020,"Group_2","RBA","OPT",138
596,"Region_2",2020,"Group_2","RBA","OPT",174
596,"Region_2",2020,"Group_2","RBA","OPT",260
597,"Region_2",2020,"Group_2","RBA","OPT",174
597,"Region_2",2020,"Group_2","RBA","OPT",199
597,"Region_2",2020,"Group_2","RBA","OPT",218
598,"Region_2",2020,"Group_2","RBA","OPT",174
598,"Region_2",2020,"Group_2","RBA","OPT",218
599,"Region_2",2020,"Group_2","RBA","OPT",85
599,"Region_2",2020,"Group_2","RBA","OPT",163
600,"Region_2",2020,"Group_2","RBA","OPT",193
601,"Region_2",2020,"Group_2","RBA","OPT",173
601,"Region_2",2020,"Group_2","RBA","OPT",250
602,"Region_2",2020,"Group_2","RBA","OPT",193
602,"Region_2",2020,"Group_2","RBA","OPT",250
603,"Region_2",2020,"Group_2","RBA","OPT",151
603,"Region_2",2020,"Group_2","RBA","OPT",193
603,"Region_2",2020,"Group_2","RBA","OPT",210
603,"Region_2",2020,"Group_2","RBA","OPT",250
604,"Region_2",2020,"Group_2","RBA","OPT",140
604,"Region_2",2020,"Group_2","RBA","OPT",173
604,"Region_2",2020,"Group_2","RBA","OPT",210
605,"Region_2",2020,"Group_2","RBA","OPT",151
605,"Region_2",2020,"Group_2","RBA","OPT",218
606,"Region_2",2020,"Group_2","RBA","OPT",163
606,"Region_2",2020,"Group_2","RBA","OPT",210
606,"Region_2",2020,"Group_2","RBA","OPT",240
607,"Region_2",2020,"Group_2","RBA","OPT",157
607,"Region_2",2020,"Group_2","RBA","OPT",199
608,"Region_2",2020,"Group_2","RBA","OPT",173
608,"Region_2",2020,"Group_2","RBA","OPT",210
608,"Region_2",2020,"Group_2","RBA","OPT",253
609,"Region_2",2020,"Group_2","RBA","OPT",193
610,"Region_2",2020,"Group_2","RBA","OPT",210
611,"Region_2",2020,"Group_2","RBA","OPT",151
611,"Region_2",2020,"Group_2","RBA","OPT",191
611,"Region_2",2020,"Group_2","RBA","OPT",253
612,"Region_2",2020,"Group_2","RBA","OPT",151
612,"Region_2",2020,"Group_2","RBA","OPT",182
612,"Region_2",2020,"Group_2","RBA","OPT",254
613,"Region_2",2020,"Group_2","RBA","OPT",151
613,"Region_2",2020,"Group_2","RBA","OPT",173
614,"Region_2",2020,"Group_2","RBA","OPT",173
615,"Region_2",2020,"Group_2","RBA","OPT",151
615,"Region_2",2020,"Group_2","RBA","OPT",193
615,"Region_2",2020,"Group_2","RBA","OPT",250
616,"Region_2",2020,"Group_2","RBA","OPT",173
617,"Region_2",2020,"Group_2","RBA","OPT",163
618,"Region_2",2020,"Group_2","RBA","OPT",173
618,"Region_2",2020,"Group_2","RBA","OPT",262
619,"Region_2",2020,"Group_2","RBA","OPT",173
619,"Region_2",2020,"Group_2","RBA","OPT",215
619,"Region_2",2020,"Group_2","RBA","OPT",262
620,"Region_2",2020,"Group_2","RBA","OPT",208
621,"Region_2",2020,"Group_2","RBA","OPT",174
621,"Region_2",2020,"Group_2","RBA","OPT",230
622,"Region_2",2020,"Group_2","RBA","OPT",174
622,"Region_2",2020,"Group_2","RBA","OPT",199
623,"Region_2",2020,"Group_2","RBA","OPT",151
623,"Region_2",2020,"Group_2","RBA","OPT",173
623,"Region_2",2020,"Group_2","RBA","OPT",250
624,"Region_2",2020,"Group_2","RBA","OPT",173
625,"Region_2",2020,"Group_2","RBA","OPT",174
625,"Region_2",2020,"Group_2","RBA","OPT",253
626,"Region_2",2020,"Group_2","RBA","OPT",177
626,"Region_2",2020,"Group_2","RBA","OPT",222
626,"Region_2",2020,"Group_2","RBA","OPT",257
627,"Region_2",2020,"Group_2","RBA","OPT",212
628,"Region_2",2020,"Group_2","RBA","OPT",212
628,"Region_2",2020,"Group_2","RBA","OPT",257
630,"Region_2",2020,"Group_2","RBA","OPT",212
631,"Region_2",2020,"Group_2","RBA","OPT",212
632,"Region_2",2020,"Group_2","RBA","OPT",165
632,"Region_2",2020,"Group_2","RBA","OPT",232
633,"Region_2",2020,"Group_2","RBA","OPT",165
634,"Region_2",2020,"Group_2","RBA","OPT",165
634,"Region_2",2020,"Group_2","RBA","OPT",224
634,"Region_2",2020,"Group_2","RBA","OPT",257
635,"Region_2",2020,"Group_2","RBA","OPT",167
635,"Region_2",2020,"Group_2","RBA","OPT",193
635,"Region_2",2020,"Group_2","RBA","OPT",240
635,"Region_2",2020,"Group_2","RBA","OPT",257
635,"Region_2",2020,"Group_2","RBA","OPT",281
636,"Region_2",2020,"Group_2","RBA","OPT",165
637,"Region_2",2020,"Group_2","RBA","OPT",165
637,"Region_2",2020,"Group_2","RBA","OPT",212
638,"Region_2",2020,"Group_2","RBA","OPT",165
639,"Region_2",2020,"Group_2","RBA","OPT",222
640,"Region_2",2020,"Group_2","RBA","OPT",136
640,"Region_2",2020,"Group_2","RBA","OPT",177
640,"Region_2",2020,"Group_2","RBA","OPT",232
641,"Region_2",2020,"Group_2","RBA","OPT",172
642,"Region_2",2020,"Group_2","RBA","OPT",232
643,"Region_2",2020,"Group_2","RBA","OPT",222
645,"Region_2",2020,"Group_2","RBA","OPT",95
645,"Region_2",2020,"Group_2","RBA","OPT",210
645,"Region_2",2020,"Group_2","RBA","OPT",257
646,"Region_2",2020,"Group_2","RBA","OPT",201
646,"Region_2",2020,"Group_2","RBA","OPT",232
646,"Region_2",2020,"Group_2","RBA","OPT",257
647,"Region_2",2020,"Group_2","RBA","OPT",152
648,"Region_2",2020,"Group_2","RBA","OPT",152
648,"Region_2",2020,"Group_2","RBA","OPT",212
649,"Region_2",2020,"Group_2","RBA","OPT",152
649,"Region_2",2020,"Group_2","RBA","OPT",212
650,"Region_2",2020,"Group_2","RBA","OPT",220
650,"Region_2",2020,"Group_2","RBA","OPT",260
651,"Region_2",2020,"Group_2","RBA","OPT",212
651,"Region_2",2020,"Group_2","RBA","OPT",257
652,"Region_2",2020,"Group_2","RBA","OPT",152
652,"Region_2",2020,"Group_2","RBA","OPT",201
653,"Region_2",2020,"Group_2","RBA","OPT",215
653,"Region_2",2020,"Group_2","RBA","OPT",275
654,"Region_2",2020,"Group_2","RBA","OPT",188
655,"Region_2",2020,"Group_2","RBA","OPT",151
655,"Region_2",2020,"Group_2","RBA","OPT",198
655,"Region_2",2020,"Group_2","RBA","OPT",260
656,"Region_2",2020,"Group_2","RBA","OPT",200
657,"Region_2",2020,"Group_2","RBA","OPT",174
657,"Region_2",2020,"Group_2","RBA","OPT",193
657,"Region_2",2020,"Group_2","RBA","OPT",258
658,"Region_2",2020,"Group_2","RBA","OPT",151
658,"Region_2",2020,"Group_2","RBA","OPT",193
658,"Region_2",2020,"Group_2","RBA","OPT",230
659,"Region_2",2020,"Group_2","RBA","OPT",203
660,"Region_2",2020,"Group_2","RBA","OPT",199
660,"Region_2",2020,"Group_2","RBA","OPT",250
661,"Region_2",2020,"Group_2","RBA","OPT",174
661,"Region_2",2020,"Group_2","RBA","OPT",255
662,"Region_2",2020,"Group_2","RBA","OPT",174
662,"Region_2",2020,"Group_2","RBA","OPT",255
663,"Region_2",2020,"Group_2","RBA","OPT",188
663,"Region_2",2020,"Group_2","RBA","OPT",255
664,"Region_2",2020,"Group_2","RBA","OPT",151
664,"Region_2",2020,"Group_2","RBA","OPT",190
664,"Region_2",2020,"Group_2","RBA","OPT",260
665,"Region_2",2020,"Group_2","RBA","OPT",193
665,"Region_2",2020,"Group_2","RBA","OPT",270
666,"Region_2",2020,"Group_2","RBA","OPT",174
666,"Region_2",2020,"Group_2","RBA","OPT",207
666,"Region_2",2020,"Group_2","RBA","OPT",270
667,"Region_2",2020,"Group_2","RBA","OPT",203
667,"Region_2",2020,"Group_2","RBA","OPT",280
668,"Region_2",2020,"Group_2","RBA","OPT",174
669,"Region_2",2020,"Group_2","RBA","OPT",151
669,"Region_2",2020,"Group_2","RBA","OPT",270
670,"Region_2",2020,"Group_2","RBA","OPT",127
670,"Region_2",2020,"Group_2","RBA","OPT",174
670,"Region_2",2020,"Group_2","RBA","OPT",193
670,"Region_2",2020,"Group_2","RBA","OPT",250
671,"Region_2",2020,"Group_2","RBA","OPT",151
671,"Region_2",2020,"Group_2","RBA","OPT",190
672,"Region_2",2020,"Group_2","RBA","OPT",188
673,"Region_2",2020,"Group_2","RBA","OPT",151
673,"Region_2",2020,"Group_2","RBA","OPT",203
673,"Region_2",2020,"Group_2","RBA","OPT",260
674,"Region_2",2020,"Group_2","RBA","OPT",188
674,"Region_2",2020,"Group_2","RBA","OPT",255
676,"Region_2",2020,"Group_2","RBA","OPT",174
676,"Region_2",2020,"Group_2","RBA","OPT",190
677,"Region_2",2020,"Group_2","RBA","OPT",188
677,"Region_2",2020,"Group_2","RBA","OPT",262
678,"Region_2",2020,"Group_2","RBA","OPT",203
678,"Region_2",2020,"Group_2","RBA","OPT",255
679,"Region_2",2020,"Group_2","RBA","OPT",174
679,"Region_2",2020,"Group_2","RBA","OPT",262
680,"Region_2",2020,"Group_2","RBA","OPT",85
680,"Region_2",2020,"Group_2","RBA","OPT",111
680,"Region_2",2020,"Group_2","RBA","OPT",174
680,"Region_2",2020,"Group_2","RBA","OPT",280
681,"Region_2",2020,"Group_2","RBA","OPT",174
681,"Region_2",2020,"Group_2","RBA","OPT",203
681,"Region_2",2020,"Group_2","RBA","OPT",263
682,"Region_2",2020,"Group_2","RBA","OPT",151
682,"Region_2",2020,"Group_2","RBA","OPT",188
682,"Region_2",2020,"Group_2","RBA","OPT",255
683,"Region_2",2020,"Group_2","RBA","OPT",203
683,"Region_2",2020,"Group_2","RBA","OPT",255
684,"Region_2",2020,"Group_2","RBA","OPT",174
685,"Region_2",2020,"Group_2","RBA","OPT",94
685,"Region_2",2020,"Group_2","RBA","OPT",220
686,"Region_2",2020,"Group_2","RBA","OPT",151
686,"Region_2",2020,"Group_2","RBA","OPT",203
686,"Region_2",2020,"Group_2","RBA","OPT",246
39,"Region_1",2021,"Group_2","RBA","OPT",161
39,"Region_1",2021,"Group_2","RBA","OPT",242
39,"Region_1",2021,"Group_2","RBA","OPT",274
40,"Region_1",2021,"Group_2","RBA","OPT",210
40,"Region_1",2021,"Group_2","RBA","OPT",223
40,"Region_1",2021,"Group_2","RBA","OPT",265
42,"Region_1",2021,"Group_2","RBA","OPT",165
42,"Region_1",2021,"Group_2","RBA","OPT",210
42,"Region_1",2021,"Group_2","RBA","OPT",224
42,"Region_1",2021,"Group_2","RBA","OPT",265
43,"Region_1",2021,"Group_2","RBA","OPT",165
43,"Region_1",2021,"Group_2","RBA","OPT",223
43,"Region_1",2021,"Group_2","RBA","OPT",264
43,"Region_1",2021,"Group_2","RBA","OPT",290
44,"Region_1",2021,"Group_2","RBA","OPT",223
44,"Region_1",2021,"Group_2","RBA","OPT",295
45,"Region_1",2021,"Group_2","RBA","OPT",161
45,"Region_1",2021,"Group_2","RBA","OPT",200
47,"Region_1",2021,"Group_2","RBA","OPT",168
47,"Region_1",2021,"Group_2","RBA","OPT",200
47,"Region_1",2021,"Group_2","RBA","OPT",247
48,"Region_1",2021,"Group_2","RBA","OPT",168
48,"Region_1",2021,"Group_2","RBA","OPT",200
48,"Region_1",2021,"Group_2","RBA","OPT",247
49,"Region_1",2021,"Group_2","RBA","OPT",167
49,"Region_1",2021,"Group_2","RBA","OPT",200
49,"Region_1",2021,"Group_2","RBA","OPT",224
51,"Region_1",2021,"Group_2","RBA","OPT",200
53,"Region_1",2021,"Group_2","RBA","OPT",200
55,"Region_1",2021,"Group_2","RBA","OPT",219
56,"Region_1",2021,"Group_2","RBA","OPT",189
56,"Region_1",2021,"Group_2","RBA","OPT",245
57,"Region_1",2021,"Group_2","RBA","OPT",165
57,"Region_1",2021,"Group_2","RBA","OPT",223
57,"Region_1",2021,"Group_2","RBA","OPT",250
58,"Region_1",2021,"Group_2","RBA","OPT",189
58,"Region_1",2021,"Group_2","RBA","OPT",245
59,"Region_1",2021,"Group_2","RBA","OPT",161
59,"Region_1",2021,"Group_2","RBA","OPT",189
61,"Region_1",2021,"Group_2","RBA","OPT",255
62,"Region_1",2021,"Group_2","RBA","OPT",165
62,"Region_1",2021,"Group_2","RBA","OPT",201
62,"Region_1",2021,"Group_2","RBA","OPT",245
64,"Region_1",2021,"Group_2","RBA","OPT",90
64,"Region_1",2021,"Group_2","RBA","OPT",165
64,"Region_1",2021,"Group_2","RBA","OPT",201
64,"Region_1",2021,"Group_2","RBA","OPT",225
64,"Region_1",2021,"Group_2","RBA","OPT",274
66,"Region_1",2021,"Group_2","RBA","OPT",161
66,"Region_1",2021,"Group_2","RBA","OPT",201
66,"Region_1",2021,"Group_2","RBA","OPT",265
70,"Region_1",2021,"Group_2","RBA","OPT",223
77,"Region_1",2021,"Group_2","RBA","OPT",168
79,"Region_1",2021,"Group_2","RBA","OPT",154
79,"Region_1",2021,"Group_2","RBA","OPT",175
79,"Region_1",2021,"Group_2","RBA","OPT",200
79,"Region_1",2021,"Group_2","RBA","OPT",238
79,"Region_1",2021,"Group_2","RBA","OPT",295
80,"Region_1",2021,"Group_2","RBA","OPT",217
81,"Region_1",2021,"Group_2","RBA","OPT",165
81,"Region_1",2021,"Group_2","RBA","OPT",224
687,"Region_2",2021,"Group_2","RBA","OPT",162
687,"Region_2",2021,"Group_2","RBA","OPT",225
687,"Region_2",2021,"Group_2","RBA","OPT",250
688,"Region_2",2021,"Group_2","RBA","OPT",149
688,"Region_2",2021,"Group_2","RBA","OPT",241
689,"Region_2",2021,"Group_2","RBA","OPT",153
689,"Region_2",2021,"Group_2","RBA","OPT",210
689,"Region_2",2021,"Group_2","RBA","OPT",248
690,"Region_2",2021,"Group_2","RBA","OPT",160
690,"Region_2",2021,"Group_2","RBA","OPT",224
690,"Region_2",2021,"Group_2","RBA","OPT",290
691,"Region_2",2021,"Group_2","RBA","OPT",210
692,"Region_2",2021,"Group_2","RBA","OPT",160
693,"Region_2",2021,"Group_2","RBA","OPT",167
693,"Region_2",2021,"Group_2","RBA","OPT",248
694,"Region_2",2021,"Group_2","RBA","OPT",167
695,"Region_2",2021,"Group_2","RBA","OPT",162
695,"Region_2",2021,"Group_2","RBA","OPT",224
696,"Region_2",2021,"Group_2","RBA","OPT",167
697,"Region_2",2021,"Group_2","RBA","OPT",299
698,"Region_2",2021,"Group_2","RBA","OPT",167
698,"Region_2",2021,"Group_2","RBA","OPT",210
698,"Region_2",2021,"Group_2","RBA","OPT",290
699,"Region_2",2021,"Group_2","RBA","OPT",127
699,"Region_2",2021,"Group_2","RBA","OPT",154
699,"Region_2",2021,"Group_2","RBA","OPT",250
700,"Region_2",2021,"Group_2","RBA","OPT",167
701,"Region_2",2021,"Group_2","RBA","OPT",202
701,"Region_2",2021,"Group_2","RBA","OPT",287
703,"Region_2",2021,"Group_2","RBA","OPT",162
704,"Region_2",2021,"Group_2","RBA","OPT",183
704,"Region_2",2021,"Group_2","RBA","OPT",299
705,"Region_2",2021,"Group_2","RBA","OPT",198
706,"Region_2",2021,"Group_2","RBA","OPT",198
707,"Region_2",2021,"Group_2","RBA","OPT",160
707,"Region_2",2021,"Group_2","RBA","OPT",224
708,"Region_2",2021,"Group_2","RBA","OPT",198
708,"Region_2",2021,"Group_2","RBA","OPT",290
709,"Region_2",2021,"Group_2","RBA","OPT",97
709,"Region_2",2021,"Group_2","RBA","OPT",167
710,"Region_2",2021,"Group_2","RBA","OPT",165
710,"Region_2",2021,"Group_2","RBA","OPT",210
710,"Region_2",2021,"Group_2","RBA","OPT",299
711,"Region_2",2021,"Group_2","RBA","OPT",160
712,"Region_2",2021,"Group_2","RBA","OPT",97
712,"Region_2",2021,"Group_2","RBA","OPT",162
712,"Region_2",2021,"Group_2","RBA","OPT",248
713,"Region_2",2021,"Group_2","RBA","OPT",165
713,"Region_2",2021,"Group_2","RBA","OPT",224
714,"Region_2",2021,"Group_2","RBA","OPT",198
715,"Region_2",2021,"Group_2","RBA","OPT",198
715,"Region_2",2021,"Group_2","RBA","OPT",287
716,"Region_2",2021,"Group_2","RBA","OPT",189
716,"Region_2",2021,"Group_2","RBA","OPT",210
716,"Region_2",2021,"Group_2","RBA","OPT",248
717,"Region_2",2021,"Group_2","RBA","OPT",210
718,"Region_2",2021,"Group_2","RBA","OPT",167
719,"Region_2",2021,"Group_2","RBA","OPT",167
720,"Region_2",2021,"Group_2","RBA","OPT",210
721,"Region_2",2021,"Group_2","RBA","OPT",167
721,"Region_2",2021,"Group_2","RBA","OPT",290
722,"Region_2",2021,"Group_2","RBA","OPT",138
722,"Region_2",2021,"Group_2","RBA","OPT",160
722,"Region_2",2021,"Group_2","RBA","OPT",194
727,"Region_2",2021,"Group_2","RBA","OPT",166
728,"Region_2",2021,"Group_2","RBA","OPT",166
728,"Region_2",2021,"Group_2","RBA","OPT",246
730,"Region_2",2021,"Group_2","RBA","OPT",195
732,"Region_2",2021,"Group_2","RBA","OPT",151
732,"Region_2",2021,"Group_2","RBA","OPT",244
733,"Region_2",2021,"Group_2","RBA","OPT",151
733,"Region_2",2021,"Group_2","RBA","OPT",245
734,"Region_2",2021,"Group_2","RBA","OPT",91
734,"Region_2",2021,"Group_2","RBA","OPT",151
734,"Region_2",2021,"Group_2","RBA","OPT",244
735,"Region_2",2021,"Group_2","RBA","OPT",154
735,"Region_2",2021,"Group_2","RBA","OPT",232
736,"Region_2",2021,"Group_2","RBA","OPT",82
736,"Region_2",2021,"Group_2","RBA","OPT",234
737,"Region_2",2021,"Group_2","RBA","OPT",244
737,"Region_2",2021,"Group_2","RBA","OPT",280
738,"Region_2",2021,"Group_2","RBA","OPT",82
738,"Region_2",2021,"Group_2","RBA","OPT",116
738,"Region_2",2021,"Group_2","RBA","OPT",171
738,"Region_2",2021,"Group_2","RBA","OPT",246
739,"Region_2",2021,"Group_2","RBA","OPT",171
739,"Region_2",2021,"Group_2","RBA","OPT",246
739,"Region_2",2021,"Group_2","RBA","OPT",268
740,"Region_2",2021,"Group_2","RBA","OPT",171
740,"Region_2",2021,"Group_2","RBA","OPT",245
740,"Region_2",2021,"Group_2","RBA","OPT",262
741,"Region_2",2021,"Group_2","RBA","OPT",82
741,"Region_2",2021,"Group_2","RBA","OPT",166
741,"Region_2",2021,"Group_2","RBA","OPT",204
743,"Region_2",2021,"Group_2","RBA","OPT",156
744,"Region_2",2021,"Group_2","RBA","OPT",244
744,"Region_2",2021,"Group_2","RBA","OPT",291
745,"Region_2",2021,"Group_2","RBA","OPT",116
745,"Region_2",2021,"Group_2","RBA","OPT",245
745,"Region_2",2021,"Group_2","RBA","OPT",291
746,"Region_2",2021,"Group_2","RBA","OPT",94
747,"Region_2",2021,"Group_2","RBA","OPT",204
747,"Region_2",2021,"Group_2","RBA","OPT",280
748,"Region_2",2021,"Group_2","RBA","OPT",195
748,"Region_2",2021,"Group_2","RBA","OPT",218
748,"Region_2",2021,"Group_2","RBA","OPT",234
748,"Region_2",2021,"Group_2","RBA","OPT",280
749,"Region_2",2021,"Group_2","RBA","OPT",234
750,"Region_2",2021,"Group_2","RBA","OPT",155
750,"Region_2",2021,"Group_2","RBA","OPT",291
753,"Region_2",2021,"Group_2","RBA","OPT",171
753,"Region_2",2021,"Group_2","RBA","OPT",234
754,"Region_2",2021,"Group_2","RBA","OPT",171
754,"Region_2",2021,"Group_2","RBA","OPT",234
755,"Region_2",2021,"Group_2","RBA","OPT",171
755,"Region_2",2021,"Group_2","RBA","OPT",195
756,"Region_2",2021,"Group_2","RBA","OPT",195
757,"Region_2",2021,"Group_2","RBA","OPT",171
758,"Region_2",2021,"Group_2","RBA","OPT",166
759,"Region_2",2021,"Group_2","RBA","OPT",168
759,"Region_2",2021,"Group_2","RBA","OPT",245
760,"Region_2",2021,"Group_2","RBA","OPT",149
760,"Region_2",2021,"Group_2","RBA","OPT",201
761,"Region_2",2021,"Group_2","RBA","OPT",185
762,"Region_2",2021,"Group_2","RBA","OPT",177
762,"Region_2",2021,"Group_2","RBA","OPT",200
763,"Region_2",2021,"Group_2","RBA","OPT",165
764,"Region_2",2021,"Group_2","RBA","OPT",165
764,"Region_2",2021,"Group_2","RBA","OPT",245
765,"Region_2",2021,"Group_2","RBA","OPT",200
765,"Region_2",2021,"Group_2","RBA","OPT",245
766,"Region_2",2021,"Group_2","RBA","OPT",167
766,"Region_2",2021,"Group_2","RBA","OPT",245
767,"Region_2",2021,"Group_2","RBA","OPT",167
767,"Region_2",2021,"Group_2","RBA","OPT",225
767,"Region_2",2021,"Group_2","RBA","OPT",281
768,"Region_2",2021,"Group_2","RBA","OPT",167
768,"Region_2",2021,"Group_2","RBA","OPT",247
769,"Region_2",2021,"Group_2","RBA","OPT",167
769,"Region_2",2021,"Group_2","RBA","OPT",245
770,"Region_2",2021,"Group_2","RBA","OPT",177
770,"Region_2",2021,"Group_2","RBA","OPT",200
770,"Region_2",2021,"Group_2","RBA","OPT",245
771,"Region_2",2021,"Group_2","RBA","OPT",149
771,"Region_2",2021,"Group_2","RBA","OPT",208
771,"Region_2",2021,"Group_2","RBA","OPT",248
771,"Region_2",2021,"Group_2","RBA","OPT",264
772,"Region_2",2021,"Group_2","RBA","OPT",210
773,"Region_2",2021,"Group_2","RBA","OPT",224
773,"Region_2",2021,"Group_2","RBA","OPT",273
774,"Region_2",2021,"Group_2","RBA","OPT",162
774,"Region_2",2021,"Group_2","RBA","OPT",224
774,"Region_2",2021,"Group_2","RBA","OPT",274
775,"Region_2",2021,"Group_2","RBA","OPT",161
775,"Region_2",2021,"Group_2","RBA","OPT",242
776,"Region_2",2021,"Group_2","RBA","OPT",165
776,"Region_2",2021,"Group_2","RBA","OPT",210
776,"Region_2",2021,"Group_2","RBA","OPT",273
777,"Region_2",2021,"Group_2","RBA","OPT",162
777,"Region_2",2021,"Group_2","RBA","OPT",210
777,"Region_2",2021,"Group_2","RBA","OPT",264
779,"Region_2",2021,"Group_2","RBA","OPT",153
779,"Region_2",2021,"Group_2","RBA","OPT",202
779,"Region_2",2021,"Group_2","RBA","OPT",264
779,"Region_2",2021,"Group_2","RBA","OPT",299
780,"Region_2",2021,"Group_2","RBA","OPT",210
780,"Region_2",2021,"Group_2","RBA","OPT",264
781,"Region_2",2021,"Group_2","RBA","OPT",200
781,"Region_2",2021,"Group_2","RBA","OPT",250
782,"Region_2",2021,"Group_2","RBA","OPT",167
782,"Region_2",2021,"Group_2","RBA","OPT",224
782,"Region_2",2021,"Group_2","RBA","OPT",273
783,"Region_2",2021,"Group_2","RBA","OPT",202
783,"Region_2",2021,"Group_2","RBA","OPT",273
784,"Region_2",2021,"Group_2","RBA","OPT",264
785,"Region_2",2021,"Group_2","RBA","OPT",165
785,"Region_2",2021,"Group_2","RBA","OPT",224
785,"Region_2",2021,"Group_2","RBA","OPT",264
786,"Region_2",2021,"Group_2","RBA","OPT",177
786,"Region_2",2021,"Group_2","RBA","OPT",265
787,"Region_2",2021,"Group_2","RBA","OPT",162
787,"Region_2",2021,"Group_2","RBA","OPT",224
788,"Region_2",2021,"Group_2","RBA","OPT",210
788,"Region_2",2021,"Group_2","RBA","OPT",248
789,"Region_2",2021,"Group_2","RBA","OPT",200
789,"Region_2",2021,"Group_2","RBA","OPT",245
790,"Region_2",2021,"Group_2","RBA","OPT",200
